Pump_ID,ZCR,RMS,Spectral_Centroid,Spectral_Bandwidth,Spectral_Rolloff,MFCC_1,MFCC_2,MFCC_3,MFCC_4,MFCC_5,MFCC_6,MFCC_7,MFCC_8,MFCC_9,MFCC_10,MFCC_11,MFCC_12,MFCC_13,Actual_Failure,Failure_Probability,Predicted_Failure,Economic_Optimization,Maintenance_Hours,Failure_Cost,Maintenance_Cost,Risk_Weight,Expected_Failure_Loss,Expected_Net_Benefit,Benefit_Per_Hour,Condition_Severity,Condition_Severity_Normalized,Expected_Failure_Loss_Check,Expected_Net_Benefit_Check,Benefit_Per_Hour_Check,High_Risk,MILP_Selected,Maintenance_Decision,Risk_Level
347,0.114293692591853,0.009633536,1830.6695827474068,2037.2306052069612,4271.290934504792,-301.49472,83.92457,10.639193,27.524443,9.407368,9.425531,-3.7040563,5.1482835,0.4008907,3.0732942,9.511362,2.6515062,-6.118898,1,1.0,1,1,4.0,64049.131162017584,6842.947869721055,1000.0,64049.131162017584,57206.183292296526,14301.545823074131,3.6206635321380194,0.2809826232403517,64049.131162017584,57206.183292296526,14301.545823074131,1,1,MAINTAIN,HIGH RISK
358,0.112864728933706,0.010274921,1560.5123284306485,1783.4184793206823,3450.454273162939,-289.00696,101.37165,-2.5217624,28.12736,8.30724,5.7903337,-4.2725,5.880149,-2.2501853,-0.809001,6.4851017,-4.132425,-6.8195877,1,1.0,1,1,2.0,57274.692578982824,6436.481554738969,1000.0,57274.692578982824,50838.21102424386,25419.10551212193,2.691133839100247,0.14549385157965639,57274.692578982824,50838.21102424386,25419.10551212193,1,1,MAINTAIN,HIGH RISK
511,0.1388029153354632,0.008823701,1956.6994161386904,2011.7283371046935,4244.034544728434,-299.4401,82.614075,1.7687578,12.539117,0.61782026,1.547272,-0.86526686,3.4550524,-3.1245031,-2.686989,16.726019,9.560867,-10.860645,1,0.995,1,1,6.0,71424.45006313764,7285.467003788259,1000.0,71067.32781282195,63781.86080903369,10630.310134838948,4.632640809691652,0.42848900126275297,71067.32781282195,63781.86080903369,10630.310134838948,1,1,MAINTAIN,HIGH RISK
470,0.114109612120607,0.009981701,1685.1747655168429,1909.7639362198925,3831.0952476038337,-285.1156,94.69619,4.81344,25.826185,5.43497,3.4952123,-2.8633742,3.6590908,-1.1201862,-3.2814133,5.942341,2.1285124,-9.587961,1,0.995,1,1,2.0,58173.42426376293,6490.405455825776,1000.0,57882.557142444115,51392.15168661834,25696.07584330917,2.8144500042462504,0.16346848527525853,57882.557142444115,51392.15168661834,25696.07584330917,1,1,MAINTAIN,HIGH RISK
480,0.1041630266573482,0.010222198,1540.9752708856745,1806.1341649165176,3465.629992012779,-293.56717,102.21614,1.2624886,27.431335,9.093269,4.1105466,-5.010604,3.7772586,-2.947193,-1.6438823,7.2640753,-4.520833,-7.315886,1,0.995,1,1,2.0,59161.299957830895,6549.677997469853,1000.0,58865.49345804174,52315.81546057189,26157.907730285944,2.9499977370083528,0.18322599915661783,58865.49345804174,52315.81546057189,26157.907730285944,1,1,MAINTAIN,HIGH RISK
296,0.1255038812899361,0.01039166,1584.3240982130112,1794.1874621673253,3471.2460063897765,-286.51596,100.30066,-2.572108,28.699896,8.513431,5.211226,-2.1846886,6.217259,-2.8553252,-0.3072132,5.872954,-5.935109,-7.6265397,1,0.995,1,1,2.0,58641.845351174394,6518.510721070463,1000.0,58348.636124418525,51830.125403348065,25915.062701674033,2.8787226822338257,0.17283690702348783,58348.636124418525,51830.125403348065,25915.062701674033,1,1,MAINTAIN,HIGH RISK
413,0.1218643919728434,0.009743764,1744.339145788848,1933.4491148487227,4023.961661341853,-291.32422,90.07319,0.6929483,20.29395,9.455687,16.816725,2.7462218,5.5681777,-5.3198895,-1.1451766,11.383255,0.10996181,-12.739282,1,0.995,1,1,4.0,65659.03249780329,6939.541949868198,1000.0,65330.73733531427,58391.19538544607,14597.798846361518,3.8415602272857994,0.3131806499560659,65330.73733531427,58391.19538544607,14597.798846361518,1,1,MAINTAIN,HIGH RISK
431,0.1155604158346645,0.0100694895,1689.1079870015385,1890.995476234714,3870.4323083067097,-280.8132,94.5325,1.7607818,25.187418,6.1701255,7.6680555,-4.263566,5.0422115,-2.446612,0.78300864,6.7459073,-0.17245191,-7.191598,1,0.99,1,1,2.0,54568.02357721234,6274.081414632741,1000.0,54022.34334144022,47748.26192680748,23874.13096340374,2.319748199459022,0.09136047154424694,54022.34334144022,47748.26192680748,23874.13096340374,1,1,MAINTAIN,HIGH RISK
503,0.1177818615215655,0.009542161,1737.776865579385,1951.3316890347176,3935.078873801917,-296.17926,90.413414,3.6772406,21.903006,8.963779,12.6045885,3.932387,4.7908387,-3.1912868,-3.438311,13.935765,7.5688744,-13.368392,1,0.985,1,1,4.0,69384.91146018801,7163.094687611281,1000.0,68344.1377882852,61181.043100673916,15295.260775168479,4.352793015914888,0.3876982292037602,68344.1377882852,61181.043100673916,15295.260775168479,1,1,MAINTAIN,HIGH RISK
300,0.1242277980231629,0.010409478,1582.5178615990303,1787.9008403159894,3470.4972044728434,-286.45935,100.907646,-1.6550413,28.279627,5.7630076,3.6034977,-3.6956635,4.9596286,-3.486476,-1.2825031,5.215387,-3.6837778,-6.5974994,1,0.98,1,1,2.0,55823.999775631506,6349.43998653789,1000.0,54707.51978011888,48358.07979358099,24179.039896790495,2.4920823576139135,0.1164799955126302,54707.51978011888,48358.07979358099,24179.039896790495,1,1,MAINTAIN,HIGH RISK
421,0.1058259909145367,0.01025686,1540.0701078808702,1781.0692375220356,3406.649361022364,-290.77792,103.179184,-1.2871733,26.323061,7.616375,4.439067,-5.897598,2.7098005,-3.3267097,0.02949218,7.759396,-1.7315189,-5.7370286,1,0.98,1,1,2.0,55964.9740271148,6357.898441626888,1000.0,54845.674546572496,48487.77610494561,24243.888052472805,2.5114256214285198,0.11929948054229594,54845.674546572496,48487.77610494561,24243.888052472805,1,1,MAINTAIN,HIGH RISK
367,0.1414190420327476,0.008941452,1999.7189272343628,2025.139187962196,4423.197883386581,-295.75418,80.46275,-0.43520206,11.939464,0.7995339,2.1411154,-3.2613301,7.062386,-6.0184016,-5.0844703,14.054847,10.240226,-0.5469027,1,0.97,1,1,6.0,72347.45222606086,7340.847133563652,1000.0,70177.02865927904,62836.18152571539,10472.696920952565,4.759287159298217,0.4469490445212174,70177.02865927904,62836.18152571539,10472.696920952565,1,1,MAINTAIN,HIGH RISK
471,0.1131127695686901,0.010151791,1671.3088726742983,1900.5629256031664,3792.9313099041537,-285.54297,95.117386,4.7374516,26.247314,6.944985,5.669984,-1.7521844,2.8322587,0.2081585,-3.344179,3.6497233,1.2935554,-8.782963,1,0.97,1,1,2.0,56823.60008963965,6409.416005378379,1000.0,55118.89208695046,48709.47608157208,24354.73804078604,2.629238841011274,0.13647200179279298,55118.89208695046,48709.47608157208,24354.73804078604,1,1,MAINTAIN,HIGH RISK
475,0.1284366887979233,0.009848548,1647.2298401221278,1828.4666239402488,3652.780551118211,-294.29382,96.07715,-5.664331,21.056816,11.302761,13.637689,1.6901062,4.1173334,-7.421404,0.7119999,16.067112,-0.69191176,-12.372826,1,0.965,1,1,4.0,67754.3960130352,7065.2637607821125,1000.0,65382.99215257897,58317.72839179686,14579.432097949215,4.129067831235994,0.35508792026070435,65382.99215257897,58317.72839179686,14579.432097949215,1,1,MAINTAIN,HIGH RISK
343,0.1132141698282747,0.010180357,1708.495999736774,1912.1063253112236,3949.5307507987222,-281.15146,93.83455,4.094047,24.872074,4.9705586,7.675482,-3.5525455,4.608964,-2.6644206,-1.1088972,4.2527375,-2.3990302,-7.307536,1,0.96,1,1,2.0,54835.07032141486,6290.104219284892,1000.0,52641.66750855826,46351.56328927337,23175.781644636685,2.3563900370257436,0.09670140642829707,52641.66750855826,46351.56328927337,23175.781644636685,1,1,MAINTAIN,HIGH RISK
339,0.1070225139776357,0.009822195,1696.6126847984258,1997.976456814857,3983.7260383386583,-304.50256,90.94991,13.858604,27.803177,8.618247,5.075192,-2.2445967,4.3894973,2.8204076,-1.9640932,8.904057,5.432221,-8.835638,1,0.96,1,1,4.0,66284.64343360507,6977.078606016305,1000.0,63633.257696260865,56656.179090244565,14164.044772561141,3.9274011326226943,0.3256928686721014,63633.257696260865,56656.179090244565,14164.044772561141,1,1,MAINTAIN,HIGH RISK
510,0.1168879792332268,0.009643957,1783.1165957102137,1985.154111213592,4017.422124600639,-292.31558,87.659325,4.0601788,23.919882,10.434625,11.090535,4.070678,5.8585043,0.20964924,-1.2562993,9.015178,4.170086,-9.609005,1,0.955,1,1,4.0,62757.24330289838,6765.4345981739025,1000.0,59933.16735426795,53167.73275609405,13291.933189023512,3.4434018874412056,0.2551448660579677,59933.16735426795,53167.73275609405,13291.933189023512,1,1,MAINTAIN,HIGH RISK
416,0.1347344249201278,0.008902469,1947.2365102992137,2021.521466491101,4370.781749201278,-293.15298,83.43762,0.4343928,10.452369,3.7408373,9.419693,0.10250133,3.714474,-7.0387964,-0.3133172,16.783865,8.270244,-5.726235,1,0.95,1,1,4.0,68751.45871335812,7125.0875228014875,1000.0,65313.885777690215,58188.79825488873,14547.199563722183,4.265876125297667,0.3750291742671625,65313.885777690215,58188.79825488873,14547.199563722183,1,1,MAINTAIN,HIGH RISK
417,0.1348467452076677,0.009363237,1935.8092105718931,1986.9274023572625,4304.812300319489,-294.2155,84.44147,0.16928066,8.671333,-0.30519605,5.2811346,-5.1040163,1.456239,-4.2383027,2.4823186,15.595765,8.044324,-5.7528496,1,0.94,1,1,4.0,67071.89466533645,7024.3136799201875,1000.0,63047.580985416265,56023.267305496076,14005.816826374019,4.035420917111915,0.3414378933067289,63047.580985416265,56023.267305496076,14005.816826374019,1,1,MAINTAIN,HIGH RISK
346,0.0974394094448881,0.010472774,1501.4319459387298,1821.583693363578,3445.936501597444,-303.82513,101.14688,4.435798,29.557552,11.2456255,5.2124715,-4.1983943,7.532725,1.6192418,1.6513727,9.498604,-2.9939027,-6.8859572,1,0.935,1,1,4.0,62657.503125417,6759.45018752502,1000.0,58584.7654222649,51825.31523473988,12956.32880868497,3.4297164055490263,0.25315006250834005,58584.7654222649,51825.31523473988,12956.32880868497,1,1,MAINTAIN,HIGH RISK
506,0.1334380616014377,0.009410078,1936.047937123947,2022.906725157494,4361.846046325879,-290.1578,83.71789,2.515134,11.8089485,-0.087318234,3.296496,-0.7128069,8.965398,-1.427313,-3.0936916,5.579244,0.7892327,-1.7229146,1,0.93,1,0,4.0,60179.66133701262,6610.779680220758,1000.0,55967.08504342174,49356.30536320098,12339.076340800246,3.0897284510136256,0.20359322674025246,55967.08504342174,49356.30536320098,12339.076340800246,1,0,DO NOT MAINTAIN,HIGH RISK
430,0.1136728110023961,0.009607088,1710.0426159476133,1926.2091228200975,3919.9281150159745,-292.621,93.53204,7.486707,24.33835,6.6150403,7.6550198,-2.098294,6.7244844,-2.92597,0.8039372,3.0760088,5.070144,-6.8020587,1,0.93,1,0,2.0,56899.53606576068,6413.972163945641,1000.0,52916.56854115744,46502.5963772118,23251.2981886059,2.6396581168979973,0.13799072131521353,52916.56854115744,46502.5963772118,23251.2981886059,1,1,MAINTAIN,HIGH RISK
397,0.1137804512779552,0.010066174,1689.6624134096144,1903.4657516822228,3897.7386182108626,-285.23682,95.240654,3.5878642,23.572472,7.2272935,8.950245,-3.69223,3.230092,-3.3701468,-0.9186084,3.4509635,-3.5610485,-8.663835,1,0.93,1,0,2.0,56380.79596650222,6382.847757990133,1000.0,52434.14024884707,46051.29249085694,23025.64624542847,2.568481100630164,0.12761591933004426,52434.14024884707,46051.29249085694,23025.64624542847,1,0,DO NOT MAINTAIN,HIGH RISK
352,0.1142312924321086,0.010183007,1686.405671907372,1913.9785722846832,3942.716653354632,-281.05392,96.30652,7.9287453,24.24582,2.0502038,4.183366,-6.5383825,1.4882339,-3.6093726,2.033714,8.140516,-0.5379654,-7.3863397,1,0.925,1,0,2.0,58626.612641006395,6517.596758460383,1000.0,54229.61669293092,47712.01993447053,23856.009967235266,2.8766325818907426,0.1725322528201278,54229.61669293092,47712.01993447053,23856.009967235266,1,1,MAINTAIN,HIGH RISK
328,0.1113109649560702,0.009690548,1782.0797594081262,2000.2634707018144,4048.0980431309904,-308.30722,86.236824,7.701096,26.375715,10.429005,6.971563,2.0256689,8.284219,-2.455536,-6.433947,11.197415,3.729195,-14.2752285,1,0.925,1,0,6.0,72062.76734876217,7323.76604092573,1000.0,66658.059797605,59334.293756679275,9889.048959446545,4.720225170121628,0.4412553469752431,66658.059797605,59334.293756679275,9889.048959446545,1,1,MAINTAIN,HIGH RISK
457,0.1109896041333865,0.010200753,1589.195307451644,1814.5674979467435,3562.200479233227,-288.15717,99.621086,-0.91930044,27.101519,7.7766232,6.591783,-2.9929283,5.175402,-1.9702936,-0.82630515,4.385499,-5.582561,-7.7984395,1,0.925,1,0,2.0,56764.23383221819,6405.8540299330925,1000.0,52506.91629480183,46101.062264868735,23050.531132434367,2.6210931181795756,0.13528467664436392,52506.91629480183,46101.062264868735,23050.531132434367,1,1,MAINTAIN,HIGH RISK
517,0.1021287814496805,0.01013855,1557.2289942299958,1826.689766544558,3556.484624600639,-292.51657,101.884926,2.9217663,25.048235,8.048499,5.2478375,-5.9076977,2.4788728,-2.66417,-1.402778,5.5700746,-3.599262,-5.8739376,1,0.925,1,0,2.0,56708.89876467582,6402.533925880549,1000.0,52455.73135732513,46053.19743144458,23026.59871572229,2.613500520251874,0.13417797529351638,52455.73135732513,46053.19743144458,23026.59871572229,1,0,DO NOT MAINTAIN,HIGH RISK
683,0.0617855181709265,0.010272222,1085.8931352488114,1400.0344120564096,2278.7789536741216,-325.86438,136.52878,-7.344032,31.005772,-0.4866031,14.405008,-1.7308352,2.911979,-3.7215035,1.9730324,-1.7965219,0.13626675,0.49252743,1,0.92,1,0,4.0,69962.82050048283,7197.76923002897,1000.0,64365.79486044421,57168.02563041524,14292.00640760381,4.432088680971809,0.3992564100096568,64365.79486044421,57168.02563041524,14292.00640760381,1,1,MAINTAIN,HIGH RISK
521,0.1175307008785942,0.009650885,1802.859500441317,1994.2480227717715,4046.3258785942494,-291.0959,86.55888,3.6305964,22.645685,8.816723,10.922181,6.2941647,7.1569557,-1.306559,-0.83385015,12.705272,4.914298,-12.321073,1,0.9,1,0,4.0,67375.34030101384,7042.520418060831,1000.0,60637.80627091246,53595.28585285162,13398.821463212906,4.07705709480068,0.3475068060202769,60637.80627091246,53595.28585285162,13398.821463212906,1,1,MAINTAIN,HIGH RISK
433,0.1120597668730031,0.010835604,1980.7198148264024,2092.8013563060144,4518.670127795527,-299.34653,76.3989,9.978123,20.654543,3.7873487,4.286873,-5.057453,1.803207,-2.9580722,3.6809738,14.1736,2.9068792,-8.104168,1,0.9,1,0,4.0,67925.31864121991,7075.519118473195,1000.0,61132.78677709792,54057.267658624725,13514.316914656181,4.152520351494662,0.3585063728243982,61132.78677709792,54057.267658624725,13514.316914656181,1,1,MAINTAIN,HIGH RISK
349,0.1214275908546325,0.009989123,1569.743579017587,1742.577039662954,3313.748003194888,-285.83707,103.26841,-8.95418,24.401398,8.463639,4.5059247,-3.9788888,5.6911507,-3.6545074,-2.4148757,6.4233623,-2.3457346,-5.7722793,1,0.9,1,0,2.0,57572.880153281236,6454.372809196874,1000.0,51815.592137953114,45361.21932875624,22680.60966437812,2.732048551221103,0.15145760306562475,51815.592137953114,45361.21932875624,22680.60966437812,1,0,DO NOT MAINTAIN,HIGH RISK
348,0.1012255391373802,0.009926691,1513.8998825286492,1757.065023384617,3315.5201677316295,-290.80243,106.61635,-3.367794,21.210588,6.21962,6.2848363,-3.8762956,4.8338017,-2.7350247,-2.5692248,5.0105934,-2.1624494,-5.6192837,1,0.9,1,0,2.0,53386.85830020723,6203.211498012434,1000.0,48048.1724701865,41844.96097217407,20922.480486087035,2.157678946943989,0.0677371660041446,48048.1724701865,41844.96097217407,20922.480486087035,1,0,DO NOT MAINTAIN,HIGH RISK
288,0.1087587984225239,0.010176073,1687.0416902302925,1937.4937898968708,3937.400159744409,-293.22415,93.98361,9.312556,24.079033,2.8434272,5.6956496,-2.0884311,5.8288426,-2.101125,1.736909,10.856178,2.681986,-4.0570145,1,0.895,1,0,2.0,56872.91047797436,6412.374628678462,1000.0,50901.254877787054,44488.880249108595,22244.440124554298,2.6360047847231436,0.13745820955948707,50901.254877787054,44488.880249108595,22244.440124554298,1,0,DO NOT MAINTAIN,HIGH RISK
741,0.0638416034345047,0.010262177,1086.11513726408,1386.732463777328,2252.12160543131,-325.25656,137.87756,-8.261837,30.187256,-1.449657,13.369048,-3.8084552,2.2847304,-3.8580537,2.6115258,-1.2745316,0.6871626,0.9523803,1,0.885,1,0,6.0,70721.72512581194,7243.303507548717,1000.0,62588.72673634356,55345.42322879484,9224.23720479914,4.536218990041804,0.41443450251623887,62588.72673634356,55345.42322879484,9224.23720479914,1,1,MAINTAIN,HIGH RISK
689,0.0526735348442492,0.009961992,1038.1416426821045,1447.525315877238,2100.289536741214,-346.613,135.20222,0.5684998,21.340105,4.6050887,22.429914,7.4047666,3.7415514,-2.321578,0.5091285,4.1906505,2.5916853,-2.7853944,1,0.865,1,0,6.0,75453.59788745074,7527.215873247044,1000.0,65267.36217264489,57740.14629939785,9623.357716566308,5.185485520649205,0.5090719577490147,65267.36217264489,57740.14629939785,9623.357716566308,1,1,MAINTAIN,HIGH RISK
476,0.1235554363019169,0.01019749,1933.0995363864051,2009.108074663755,4238.218849840256,-302.0707,77.43897,4.170995,27.318756,1.3170737,-3.2236235,-0.80089444,1.3641385,-3.272028,8.683956,16.778547,-1.3752882,-10.929727,1,0.865,1,0,6.0,73093.33849817133,7385.600309890279,1000.0,63225.7378009182,55840.13749102792,9306.689581837987,4.861631202875823,0.4618667699634266,63225.7378009182,55840.13749102792,9306.689581837987,1,1,MAINTAIN,HIGH RISK
499,0.1048634684504792,0.010032497,1551.6924746690736,1813.3130278009376,3513.4285143769966,-292.0904,102.38414,1.6642656,25.08899,7.780384,5.8109636,-5.431908,2.2133415,-2.4516354,-0.5263067,6.409699,-4.026856,-5.5815134,1,0.86,1,0,2.0,55801.542718954355,6348.092563137262,1000.0,47989.32673830075,41641.23417516349,20820.617087581744,2.4890009951151932,0.11603085437908713,47989.32673830075,41641.23417516349,20820.617087581744,1,0,DO NOT MAINTAIN,HIGH RISK
642,0.0618369983027156,0.010458426,1070.695180900232,1388.711572255815,2220.42232428115,-326.33136,138.0797,-5.3508945,30.386227,-1.9947865,11.924596,-4.5831437,2.196545,-3.217538,2.0686853,-2.120014,0.7169392,0.14252551,1,0.855,1,0,6.0,70656.9056625659,7239.414339753953,1000.0,60411.65434149384,53172.24000173989,8862.040000289982,4.527325025614277,0.41313811325131783,60411.65434149384,53172.24000173989,8862.040000289982,1,1,MAINTAIN,HIGH RISK
491,0.1307798147963259,0.009931576,1969.025329505415,2049.7271359315887,4369.009584664536,-293.97668,82.36899,5.8243856,14.465101,-1.5755312,-4.439209,-2.2749102,11.492592,6.1285725,-3.363105,3.726231,-5.0278683,-14.581592,1,0.85,1,0,6.0,76516.89648955388,7591.0137893732335,1000.0,65039.362016120795,57448.34822674756,9574.724704457927,5.331382130546238,0.5303379297910777,65039.362016120795,57448.34822674756,9574.724704457927,1,1,MAINTAIN,HIGH RISK
468,0.1119646066293929,0.010047195,1671.154319256478,1900.64981068656,3840.030950479233,-289.34863,96.343925,5.1449347,22.204882,5.0372734,6.911543,-6.2039356,5.0039845,0.40068844,1.5987071,6.9236674,2.461714,-3.2484913,1,0.85,1,0,2.0,55103.15245820553,6306.189147492331,1000.0,46837.6795894747,40531.490441982365,20265.745220991183,2.3931739421812193,0.10206304916411056,46837.6795894747,40531.490441982365,20265.745220991183,1,0,DO NOT MAINTAIN,HIGH RISK
710,0.0894256689297124,0.009348133,1373.4946861907697,1755.90415620104,2792.531948881789,-331.75632,118.36328,9.707161,1.3137834,2.6503665,5.0960226,3.958525,6.454819,0.5196045,-6.1563063,-2.91329,2.6703703,8.049997,1,0.85,1,0,6.0,71316.84108739515,7279.010465243709,1000.0,60619.31492428588,53340.30445904217,8890.050743173695,4.617875639565152,0.42633682174790294,60619.31492428588,53340.30445904217,8890.050743173695,1,1,MAINTAIN,HIGH RISK
368,0.1314646565495207,0.009490028,1805.7804958884976,1931.6162077276647,4035.4682507987222,-303.92484,89.102394,-2.9636939,10.036623,3.5604658,0.08387454,-2.670664,12.889363,2.7414117,-3.0562024,6.1631584,-2.5373788,-2.2433162,1,0.845,1,0,4.0,65049.06196893144,6902.943718135887,1000.0,54966.45736374707,48063.51364561118,12015.878411402795,3.757865362904824,0.30098123937862886,54966.45736374707,48063.51364561118,12015.878411402795,1,0,DO NOT MAINTAIN,HIGH RISK
289,0.1281449680511182,0.010284648,2018.546775287494,2050.99821522899,4530.47623801917,-298.49033,73.38002,6.336414,26.406786,5.217006,-1.8625344,-7.5835443,5.125658,-8.142912,4.8514576,17.08547,-2.4131238,-3.6848886,1,0.845,1,0,6.0,74886.55674670171,7493.193404802102,1000.0,63279.14045096294,55785.94704616084,9297.657841026807,5.107681054487212,0.49773113493403426,63279.14045096294,55785.94704616084,9297.657841026807,1,1,MAINTAIN,HIGH RISK
297,0.1302899735423322,0.010070683,1799.864411925285,1961.5603309027824,4044.229233226837,-302.41656,87.59579,3.7883968,20.374388,5.142114,1.1239016,-2.934934,7.697314,4.405102,2.9862213,8.039274,-9.704207,-14.543168,1,0.835,1,0,6.0,71971.54331055583,7318.292598633349,1000.0,60096.23866431412,52777.94606568077,8796.324344280129,4.7077081989819165,0.43943086621111654,60096.23866431412,52777.94606568077,8796.324344280129,1,1,MAINTAIN,HIGH RISK
405,0.1846373926717252,0.008611221,2038.503142419465,1848.9719043975397,4109.175319488818,-283.70227,78.27872,-17.737154,12.177509,4.928581,7.098801,-7.4794507,3.689085,-1.5969093,-0.825629,7.580715,-0.045801423,-9.252673,1,0.83,1,0,4.0,69570.6506713884,7174.239040283303,1000.0,57743.64005725237,50569.40101696907,12642.350254242267,4.378278539158769,0.39141301342776796,57743.64005725237,50569.40101696907,12642.350254242267,1,1,MAINTAIN,HIGH RISK
449,0.1104451627396166,0.009616875,1779.93474584541,2016.86872386993,4082.667731629393,-313.90915,85.67596,10.788777,27.62187,9.882499,5.369143,1.117698,10.413062,3.9019666,-2.527483,11.351222,6.073462,-11.1307535,1,0.83,1,0,6.0,72301.39722101828,7338.083833261097,1000.0,60010.15969344517,52672.07586018408,8778.67931003068,4.7529678910407265,0.44602794442036564,60010.15969344517,52672.07586018408,8778.67931003068,1,0,DO NOT MAINTAIN,HIGH RISK
445,0.1107743235822683,0.010214145,1745.813156058127,1986.746796977872,4076.4027555910543,-280.67004,92.31655,7.9690638,22.200777,7.1113353,3.6229513,-1.801961,2.568446,-3.42051,1.4295177,3.4448328,0.3155545,-4.853013,1,0.825,1,0,2.0,55336.29218242465,6320.177530945479,1000.0,45652.44105050033,39332.26351955485,19666.131759777425,2.4251633526145824,0.10672584364849297,45652.44105050033,39332.26351955485,19666.131759777425,1,0,DO NOT MAINTAIN,HIGH RISK
318,0.1389323956669329,0.009987964,1878.474710663011,1962.2682315543973,4150.209664536741,-295.94757,85.13602,-0.59497344,13.635229,0.76920825,-0.04908494,-0.5262983,10.4292145,1.5187771,-2.7580054,3.0467982,-9.231987,-7.862684,1,0.825,1,0,4.0,67144.04656766557,7028.642794059934,1000.0,55393.83841832409,48365.19562426416,12091.29890606604,4.045320975220352,0.34288093135331144,55393.83841832409,48365.19562426416,12091.29890606604,1,0,DO NOT MAINTAIN,HIGH RISK
438,0.1293180910543131,0.0092696,1840.385484649671,1932.526106019602,4090.904552715655,-296.9324,89.34822,-4.986562,6.2430463,-1.1480219,-1.347392,-3.5800579,11.215517,2.5750084,-3.786994,5.3973875,-2.086027,-2.6509054,1,0.82,1,0,4.0,65470.42827052847,6928.225696231708,1000.0,53685.751181833344,46757.52548560164,11689.38137140041,3.8156815913906525,0.3094085654105695,53685.751181833344,46757.52548560164,11689.38137140041,1,0,DO NOT MAINTAIN,HIGH RISK
400,0.1450944114416933,0.008974175,2011.9442786182385,2024.174586845196,4456.045327476038,-284.70944,81.990974,-1.4891579,8.63636,-2.1446483,3.8486536,2.1096432,11.457059,-5.4940896,-4.483274,11.261376,2.7460938,-0.53285795,1,0.815,1,0,4.0,68919.7631831264,7135.185790987584,1000.0,56169.60699424801,49034.42120326043,12258.605300815107,4.2889694045713735,0.3783952636625281,56169.60699424801,49034.42120326043,12258.605300815107,1,0,DO NOT MAINTAIN,HIGH RISK
354,0.136938710563099,0.009657851,1842.3207873156937,1916.359419741274,4060.3284744408943,-277.87515,87.7654,-0.0388645,24.406322,1.8192414,4.7968454,-5.910901,4.698693,-2.8286245,1.4978021,4.798031,0.10923913,-2.0717833,1,0.81,1,0,2.0,55374.95082286494,6322.4970493718965,1000.0,44853.71016652061,38531.21311714871,19265.606558574356,2.430467755885979,0.10749901645729885,44853.71016652061,38531.21311714871,19265.606558574356,1,0,DO NOT MAINTAIN,HIGH RISK
292,0.1016639002595846,0.010001841,1694.546233263381,2026.816792959781,4013.50339456869,-310.52637,86.80547,16.412767,33.39716,13.057111,5.3588657,-0.4315098,9.323329,4.7495365,-1.8803279,10.107721,3.8713987,-14.37379,1,0.8,1,0,6.0,76886.68488009201,7613.2010928055215,1000.0,61509.34790407361,53896.14681126809,8982.691135211348,5.382121285523101,0.5377336976018403,61509.34790407361,53896.14681126809,8982.691135211348,1,1,MAINTAIN,HIGH RISK
473,0.1313538962659744,0.009644867,1731.580678331225,1860.3197897348527,3762.8045127795526,-295.13608,89.61566,-7.033776,25.749123,14.870451,9.285458,-0.9749828,7.1025257,1.3404896,-0.7215165,3.677199,-6.9336133,-9.055937,1,0.745,1,0,4.0,65189.908382545036,6911.394502952702,1000.0,48566.481744996054,41655.08724204335,10413.771810510838,3.7771910859159656,0.30379816765090084,48566.481744996054,41655.08724204335,10413.771810510838,0,0,DO NOT MAINTAIN,LOW / MODERATE RISK
630,0.0634781225039936,0.010096117,1077.397539749816,1375.5680936003018,2217.5269568690096,-328.217,139.09113,-7.9071064,29.483282,-2.0991158,13.174,-4.6861134,1.578711,-4.2775946,2.9885876,-1.0500029,-0.29222986,0.7158561,1,0.74,1,0,6.0,71766.87223110715,7306.012333866428,1000.0,53107.48545101929,45801.47311715286,7633.57885285881,4.679625009013956,0.4353374446221429,53107.48545101929,45801.47311715286,7633.57885285881,0,0,DO NOT MAINTAIN,LOW / MODERATE RISK
829,0.07996580471246,0.0096090445,1481.6175718642407,1888.6858228708577,3461.8360623003196,-329.49307,108.68296,14.953196,2.013318,2.2321403,10.387307,3.8211198,4.062599,5.1355023,2.0251298,-0.87312704,-4.440998,-6.1540747,0,0.73,1,0,4.0,67255.98268688323,7035.358961212994,1000.0,49096.86736142476,42061.508400211766,10515.377100052941,4.0606798784358595,0.3451196537376646,49096.86736142476,42061.508400211766,10515.377100052941,0,0,DO NOT MAINTAIN,LOW / MODERATE RISK
566,0.1639610997404153,0.008848149,2193.024482541717,2034.1193762066864,4631.065295527156,-286.9193,68.4105,2.8056672,26.25502,-8.493093,-5.584868,0.55231565,13.341811,-0.2911295,0.28557298,3.8523195,-6.760711,-10.612383,0,0.725,1,0,6.0,78588.0784549226,7715.2847072953555,1000.0,56976.35687981888,49261.07217252352,8210.178695420587,5.615571752002972,0.5717615690984518,56976.35687981888,49261.07217252352,8210.178695420587,0,0,DO NOT MAINTAIN,LOW / MODERATE RISK
502,0.0949262430111821,0.009869117,1722.22614114189,2041.3154586743951,4058.1319888178914,-312.63535,85.95603,17.849846,33.666344,11.507493,5.046542,0.531625,8.858931,4.5611124,-6.118293,2.7354484,2.0397632,-10.037746,1,0.715,1,0,6.0,75178.08221641871,7510.684932985122,1000.0,53752.32878473938,46241.643851754256,7706.940641959042,5.147681650412216,0.5035616443283741,53752.32878473938,46241.643851754256,7706.940641959042,0,0,DO NOT MAINTAIN,LOW / MODERATE RISK
750,0.0471012005790734,0.010031738,856.7829738008792,1236.5455608990144,1550.144768370607,-375.05106,157.42271,2.1390765,21.077847,4.0480824,11.516065,1.7687151,1.4234276,0.10541958,-2.424077,-3.750445,0.6799406,-0.17979707,1,0.705,1,0,8.0,83956.89491301404,8037.413694780842,1000.0,59189.61091367489,51152.19721889405,6394.024652361756,6.352234171050291,0.6791378982602808,59189.61091367489,51152.19721889405,6394.024652361756,0,0,DO NOT MAINTAIN,LOW / MODERATE RISK
322,0.1374410318490415,0.009291578,1843.41878139426,1925.6212633633472,4035.4682507987222,-275.70215,91.59554,-4.184295,12.705066,0.10718923,2.0371118,-1.6777079,3.6455,-5.916953,-5.3237696,0.39586782,1.4025649,-0.8215225,1,0.705,1,0,2.0,59473.58065081304,6568.414839048782,1000.0,41928.87435882319,35360.459519774406,17680.229759887203,2.9928461846149563,0.18947161301626078,41928.87435882319,35360.459519774406,17680.229759887203,0,0,DO NOT MAINTAIN,LOW / MODERATE RISK
276,0.2103478184904153,0.0080928495,2287.4773483338167,1927.6683570798032,4481.903953674121,-262.32108,63.92325,-21.616602,18.838312,3.2393594,1.2765437,-7.5323544,1.1389097,2.693647,1.6917167,0.19613487,2.1308508,-3.3191733,1,0.685,1,0,6.0,78403.0141413522,7704.180848481134,1000.0,53706.06468682626,46001.88383834513,7666.980639724188,5.590178832357037,0.5680602828270442,53706.06468682626,46001.88383834513,7666.980639724188,0,0,DO NOT MAINTAIN,LOW / MODERATE RISK
830,0.0595531524560702,0.010929339,1011.963651994026,1371.6844914899975,1939.6465654952076,-330.1055,143.99628,-2.505645,19.496466,1.1508094,13.255493,3.7194831,4.2224317,-1.3042437,0.98115516,-3.0196025,0.33211032,1.3352846,0,0.68,1,0,6.0,72229.31587609797,7333.758952565879,1000.0,49115.93479574662,41782.17584318075,6963.695973863458,4.7430775142078305,0.4445863175219595,49115.93479574662,41782.17584318075,6963.695973863458,0,0,DO NOT MAINTAIN,LOW / MODERATE RISK
353,0.1390727960263578,0.009714854,1817.1134675498035,1865.494718129795,3943.64017571885,-268.3033,91.19626,-6.31771,21.433464,-1.083443,2.70634,-6.111421,6.063422,-1.7527367,-2.245336,3.816064,0.26153657,-6.2888885,1,0.67,1,0,2.0,58318.07248444725,6499.084349066835,1000.0,39073.10856457966,32574.02421551283,16287.012107756414,2.8342973782423595,0.16636144968894506,39073.10856457966,32574.02421551283,16287.012107756414,0,0,DO NOT MAINTAIN,LOW / MODERATE RISK
286,0.2064103684105431,0.0070956433,2429.2305315043136,2019.6710019705115,4800.8686102236425,-300.61328,54.811546,-13.008936,24.10298,2.5769851,1.911948,-3.1924162,7.9437103,4.8211355,1.9680679,11.56756,9.063358,-3.8696785,1,0.66,1,0,8.0,83389.4794703896,8003.368768223376,1000.0,55037.056450457145,47033.687682233765,5879.210960279221,6.274378346432083,0.6677895894077921,55037.056450457145,47033.687682233765,5879.210960279221,0,0,DO NOT MAINTAIN,LOW / MODERATE RISK
753,0.0842698557308306,0.010343034,1446.8597363881956,1864.6579773479623,3260.483226837061,-324.50714,111.68868,16.696608,4.4701157,1.5222559,3.1418648,0.088382185,3.2835872,6.0457945,5.8463917,2.5449634,-6.494221,-6.2818623,1,0.66,1,0,4.0,70062.47201808682,7203.748321085209,1000.0,46241.2315319373,39037.48321085209,9759.370802713023,4.44576199772475,0.40124944036173643,46241.2315319373,39037.48321085209,9759.370802713023,0,0,DO NOT MAINTAIN,LOW / MODERATE RISK
507,0.145487532448083,0.008774494,2100.121991499222,2057.8607602176353,4619.184305111821,-287.85593,75.981445,0.940199,12.622326,-4.3267045,2.4365351,1.1047184,7.222533,-8.234601,-2.1524634,6.50839,4.1607037,4.875367,1,0.66,1,0,4.0,69441.89596523043,7166.513757913825,1000.0,45831.651337052084,38665.13757913826,9666.284394784565,4.3606119353472135,0.3888379193046085,45831.651337052084,38665.13757913826,9666.284394784565,0,0,DO NOT MAINTAIN,LOW / MODERATE RISK
667,0.0475068016174121,0.0100550745,991.4211507177788,1451.5834216701028,2000.4742412140577,-358.05966,137.40776,10.103295,24.716295,5.6308713,12.608993,1.0944922,6.3598666,0.036241625,2.4737608,-4.8952427,-0.013237383,-2.518143,1,0.655,1,0,6.0,75970.89606024345,7558.253763614607,1000.0,49760.93691945946,42202.683155844854,7033.780525974143,5.256464688276349,0.5194179212048691,49760.93691945946,42202.683155844854,7033.780525974143,0,0,DO NOT MAINTAIN,LOW / MODERATE RISK
693,0.0964488069089456,0.009436222,1505.1133669090257,1812.352896474891,3240.29053514377,-322.3926,108.01605,6.1204224,5.916024,-0.51084805,5.056548,7.771918,11.306639,-2.2200136,-6.2943716,-7.1539373,-7.309954,3.786934,1,0.635,1,0,6.0,72830.09425036983,7369.80565502219,1000.0,46247.109848984845,38877.30419396266,6479.550698993776,4.82551111087799,0.45660188500739674,46247.109848984845,38877.30419396266,6479.550698993776,0,0,DO NOT MAINTAIN,LOW / MODERATE RISK
432,0.1976946260982428,0.008702494,2358.2761596862224,2046.0681501139188,4669.4788338658145,-267.47943,58.294724,-6.1018057,30.094173,5.3528543,9.192957,-1.7482002,5.659658,2.6632013,3.7166116,7.070924,3.4696252,-1.5097284,1,0.61,1,0,6.0,74794.31641622765,7487.658984973658,1000.0,45624.533013898865,38136.87402892521,6356.145671487535,5.0950246365390175,0.49588632832455287,45624.533013898865,38136.87402892521,6356.145671487535,0,0,DO NOT MAINTAIN,LOW / MODERATE RISK
495,0.14740477735623,0.009110129,2129.5429377946225,2023.73716560021,4489.092452076678,-287.40176,69.69398,1.0467561,26.523615,-4.709541,-2.376096,-0.92178434,2.057021,0.8863432,9.320015,2.79797,-9.593312,-9.764843,1,0.585,1,0,6.0,75723.56765540042,7543.4140593240245,1000.0,44298.287078409245,36754.87301908522,6125.812169847537,5.222528430176821,0.5144713531080083,44298.287078409245,36754.87301908522,6125.812169847537,0,0,DO NOT MAINTAIN,LOW / MODERATE RISK
116,0.0882759459864217,0.009551116,1484.4795401567685,1872.9204843558125,3325.079872204473,-332.83862,111.02328,14.65613,-1.7439075,-3.9706361,0.8171069,1.4560467,6.3787446,7.373427,7.6175027,5.9928637,-4.877087,-7.2306294,0,0.58,1,0,6.0,75138.56941917025,7508.314165150216,1000.0,43580.37026311874,36072.056097968525,6012.009349661421,5.142260047153549,0.502771388383405,43580.37026311874,36072.056097968525,6012.009349661421,0,0,DO NOT MAINTAIN,LOW / MODERATE RISK
500,0.1689109924121405,0.009421154,1938.8874887151817,1867.3296733413529,4026.807108626198,-264.121,85.61665,-10.5492325,19.822819,-4.8322015,-4.468762,-3.830504,5.064214,-8.331403,-3.029309,5.0248656,-3.3998215,-1.7303123,1,0.57,1,0,4.0,69059.41470260205,7143.5648821561235,1000.0,39363.86638048317,32220.301498327044,8055.075374581761,4.308131174574801,0.3811882940520411,39363.86638048317,32220.301498327044,8055.075374581761,0,0,DO NOT MAINTAIN,LOW / MODERATE RISK
568,0.2630135533146965,0.0075376253,2569.5655986496504,1962.2909835698424,4795.776757188499,-264.79724,49.721542,-15.909805,21.141071,-13.612829,1.3442677,-1.8571769,-0.879852,-8.622024,-2.5439668,2.0532675,3.8116515,-0.5986622,0,0.555,1,0,8.0,91063.1803320974,8463.790819925844,1000.0,50540.06508431406,42076.274264388216,5259.534283048527,7.327297008106859,0.821263606641948,50540.06508431406,42076.274264388216,5259.534283048527,0,0,DO NOT MAINTAIN,LOW / MODERATE RISK
23,0.0696994184305111,0.009574265,1237.4142665124996,1639.5267454618318,2581.1451677316295,-327.3752,123.94376,2.981532,14.806706,4.394369,16.701452,8.346844,2.6233635,-2.5081954,-0.20604023,5.0930886,1.6420478,-3.5288854,0,0.555,1,0,4.0,64852.07796346137,6891.124677807682,1000.0,35992.903269721064,29101.778591913382,7275.4446479783455,3.730836926541626,0.2970415592692274,35992.903269721064,29101.778591913382,7275.4446479783455,0,0,DO NOT MAINTAIN,LOW / MODERATE RISK
407,0.1435749675519169,0.009373729,1789.2993666806567,1806.2821798870784,3767.696685303514,-274.11966,92.558846,-10.242781,22.707169,-3.8581395,1.8544444,-3.3661158,4.398627,-0.72840226,-0.48728412,4.9105725,-0.19771127,-4.877453,1,0.55,1,0,2.0,56240.143876430535,6374.408632585832,1000.0,30932.079132036797,24557.670499450964,12278.835249725482,2.549182041009657,0.12480287752861065,30932.079132036797,24557.670499450964,12278.835249725482,0,0,DO NOT MAINTAIN,LOW / MODERATE RISK
115,0.0973832493011182,0.009072227,1527.2969969622332,1860.685619578295,3301.642372204473,-322.99994,109.82705,7.440584,0.03658076,0.20660464,1.4399887,4.045901,8.959975,3.5955744,-2.6703005,-1.7094376,2.3295603,8.434359,0,0.55,1,0,4.0,69785.07219557966,7187.104331734779,1000.0,38381.789707568816,31194.685375834037,7798.671343958509,4.407699600567654,0.39570144391159306,38381.789707568816,31194.685375834037,7798.671343958509,0,0,DO NOT MAINTAIN,LOW / MODERATE RISK
638,0.0348926093250798,0.010702409,780.5355724829243,1214.6993997060154,1551.093250798722,-381.66113,153.64417,2.012109,36.26216,5.7954335,17.26952,3.563563,6.5211964,3.2742884,6.527719,1.6996132,1.8289261,2.7304714,1,0.545,1,0,8.0,91255.72517909983,8475.34351074599,1000.0,49734.37022260941,41259.02671186342,5157.378338982928,7.35371634165553,0.8251145035819968,49734.37022260941,41259.02671186342,5157.378338982928,0,0,DO NOT MAINTAIN,LOW / MODERATE RISK
144,0.1007029377995207,0.008841575,1494.4683262705837,1770.7498869216472,3030.2515974440894,-324.51422,112.93076,1.3486938,-1.5263662,-0.010116431,2.7226694,1.4226829,1.8719755,-3.8560312,2.1350927,10.502307,6.407651,0.902602,0,0.525,1,0,4.0,63335.133386717665,6800.1080032030595,1000.0,33250.94502802678,26450.83702482372,6612.70925620593,3.522694951455002,0.2667026677343533,33250.94502802678,26450.83702482372,6612.70925620593,0,0,DO NOT MAINTAIN,LOW / MODERATE RISK
643,0.1680857502995207,0.008459408,2034.284370347507,1864.37213067377,4043.0061900958463,-268.56012,79.91606,-18.351587,14.573591,-6.862982,-4.3795385,-1.2399628,2.7146153,-2.6849225,-1.6307343,-5.737679,-2.2369468,2.908276,1,0.505,1,0,6.0,71395.64502723805,7283.738701634283,1000.0,36054.80073875521,28771.06203712093,4795.177006186822,4.628688432553751,0.42791290054476094,36054.80073875521,28771.06203712093,4795.177006186822,0,0,DO NOT MAINTAIN,LOW / MODERATE RISK
676,0.0968575279552715,0.010219015,1700.3754268037724,1955.0382670068968,3892.74660543131,-311.83563,94.193016,15.667019,19.65176,-5.36878,-2.5008078,8.79361,2.4654534,-13.982946,13.648968,7.611921,-2.21315,6.49122,1,0.505,1,0,8.0,85290.5394889207,8117.432369335242,1000.0,43071.72244190495,34954.29007256971,4369.286259071214,6.535225310178557,0.7058107897784139,43071.72244190495,34954.29007256971,4369.286259071214,0,0,DO NOT MAINTAIN,LOW / MODERATE RISK
761,0.0519559330071884,0.010081844,970.8008781522042,1410.623218504354,1888.9526757188496,-355.23303,141.66095,5.5114036,22.810534,4.579911,15.599745,2.538483,-0.45958307,4.069741,3.7431414,-0.2622291,4.277343,1.7011003,1,0.485,1,1,6.0,78200.45247529796,7692.027148517878,1000.0,37927.21945051951,30235.19230200163,5039.198717000271,5.562385077795567,0.5640090495059593,37927.21945051951,30235.19230200163,5039.198717000271,0,0,DO NOT MAINTAIN,LOW / MODERATE RISK
621,0.1268096046325878,0.009481416,1957.9668695474777,2048.527633782038,4333.266773162939,-286.83447,80.51824,6.9581823,21.08972,0.7830958,7.026711,2.9346404,-5.746956,-7.1740603,-0.021362329,3.512335,-0.55250186,4.2524447,0,0.47,1,1,4.0,65520.0156011536,6931.200936069217,1000.0,30794.407332542192,23863.206396472975,5965.801599118244,3.8224855347210966,0.3104003120230721,30794.407332542192,23863.206396472975,5965.801599118244,0,0,DO NOT MAINTAIN,LOW / MODERATE RISK
784,0.1014766997803514,0.009283561,1746.2404720287825,1960.5102136593755,3977.1116214057506,-292.6107,91.598976,4.305949,21.653877,8.618041,10.070585,2.825957,4.9019895,1.2460738,2.6639066,-2.6619806,-3.2887895,-3.812432,0,0.465,1,1,2.0,57283.40080576876,6437.004048346125,1000.0,26636.781374682476,20199.77732633635,10099.888663168174,2.692328706434568,0.14566801611537508,26636.781374682476,20199.77732633635,10099.888663168174,0,0,DO NOT MAINTAIN,LOW / MODERATE RISK
701,0.074778791433706,0.010107767,1207.1841439704097,1425.4633201377994,2488.2438099041533,-318.90735,130.14272,-16.247828,31.144669,-1.0376312,8.946777,-1.495572,6.457149,-1.9616212,1.6044103,-3.3777082,4.230668,4.0722775,1,0.46,1,0,4.0,70223.69237316443,7213.421542389866,1000.0,32302.89849165564,25089.476949265772,6272.369237316443,4.467883256236418,0.4044738474632887,32302.89849165564,25089.476949265772,6272.369237316443,0,0,DO NOT MAINTAIN,LOW / MODERATE RISK
154,0.2172726762180511,0.007189274,2331.390233956958,1980.83666799472,4730.406349840256,-279.834,67.033646,-8.2186985,15.218617,-5.0494623,9.157149,-5.383655,5.0763736,-6.0070105,5.71126,-5.7285237,-1.8041937,-3.4915273,1,0.445,1,0,6.0,78283.90118982195,7697.0340713893165,1000.0,34836.33602947077,27139.30195808145,4523.216993013575,5.57383518647175,0.565678023796439,34836.33602947077,27139.30195808145,4523.216993013575,0,0,DO NOT MAINTAIN,LOW / MODERATE RISK
690,0.053442616813099,0.009776036,947.17772036105,1364.7206534919585,1775.9335063897763,-365.89832,146.00325,3.1847832,19.594942,5.784738,15.206381,2.9396985,-0.4915028,3.6140277,3.1530313,0.8143352,1.4507594,2.0856588,1,0.44,1,0,6.0,79717.19204458111,7783.031522674867,1000.0,35075.56449961569,27292.532976940824,4548.755496156804,5.770498923536926,0.5943438408916222,35075.56449961569,27292.532976940824,4548.755496156804,0,0,DO NOT MAINTAIN,LOW / MODERATE RISK
744,0.0897860298522364,0.010060481,1521.8969788831166,1843.7314441960168,3382.5379392971245,-318.4258,104.484955,12.897522,14.205153,-3.676768,2.1379466,4.3457727,4.883843,-0.4638631,8.784871,-5.1866937,-11.189123,-4.4114103,1,0.435,1,0,6.0,71679.75779124872,7300.785467474924,1000.0,31180.694639193192,23879.909171718267,3979.9848619530444,4.667671921308129,0.43359515582497443,31180.694639193192,23879.909171718267,3979.9848619530444,0,0,DO NOT MAINTAIN,LOW / MODERATE RISK
797,0.0312000798722044,0.00953173,672.459576398446,1113.9201222232778,1194.1144169329073,-416.19855,167.22182,7.8559384,24.574167,7.7850423,16.372835,8.1427965,6.3080935,3.4664521,5.184716,1.4819958,-2.3173523,0.025285056,0,0.415,1,0,8.0,100000.0,9000.0,1000.0,41500.0,32500.0,4062.5,8.553529874612249,1.0,41500.0,32500.0,4062.5,0,0,DO NOT MAINTAIN,LOW / MODERATE RISK
771,0.0603518745007987,0.010038477,995.225751213694,1266.738796846094,1952.2264376996804,-334.90076,150.195,-12.614523,28.428577,-5.049643,13.244357,-4.3356366,3.4114246,-3.1168463,3.247754,-3.015258,0.22978678,1.086849,0,0.385,0,0,6.0,78380.85737395895,7702.851442437537,1000.0,30176.630088974194,22473.77864653666,3745.6297744227763,5.587138672948795,0.5676171474791788,30176.630088974194,22473.77864653666,3745.6297744227763,0,0,DO NOT MAINTAIN,LOW / MODERATE RISK
9,0.0852198981629393,0.009343025,1555.1897880725865,1848.956812763204,3544.803314696486,-307.34775,100.6869,1.4821453,18.669498,8.325135,17.993166,7.384276,4.0922027,-1.5879937,2.5060163,3.9362216,2.928847,-3.3308902,1,0.385,0,0,2.0,59292.1496951363,6557.5289817081775,1000.0,22827.477632627477,16269.9486509193,8134.97432545965,2.9679518028192318,0.18584299390272588,22827.477632627477,16269.9486509193,8134.97432545965,0,0,DO NOT MAINTAIN,LOW / MODERATE RISK
97,0.0738817891373802,0.009310239,1260.5238052913016,1614.1769315875754,2581.5195686900956,-327.8779,123.40495,-3.6072004,14.654128,5.508666,19.318933,8.84284,1.916955,-1.2010783,-0.5217481,4.5666037,-1.4757458,-4.7543154,0,0.37,0,0,4.0,66704.7910753995,7002.287464523969,1000.0,24680.772697897813,17678.485233373845,4419.621308343461,3.9850501471824753,0.33409582150798983,24680.772697897813,17678.485233373845,4419.621308343461,0,0,DO NOT MAINTAIN,LOW / MODERATE RISK
542,0.1926183731030351,0.008211401,2301.3750611539376,1857.020431634041,4394.19428913738,-281.80493,57.872124,-26.371176,16.267834,-7.066823,10.850832,-3.007685,-4.376785,-9.291914,-0.6448722,10.1691065,12.628752,2.5807211,0,0.35,0,0,8.0,86915.66257824311,8214.939754694586,1000.0,30420.481902385087,22205.542147690503,2775.692768461313,6.758210602295525,0.7383132515648623,30420.481902385087,22205.542147690503,2775.692768461313,0,0,DO NOT MAINTAIN,LOW / MODERATE RISK
579,0.1743850464257188,0.008368632,1948.7902059967053,1736.8114796760374,3791.9828274760384,-272.04587,82.755394,-19.828798,34.04304,-11.052892,4.402496,-2.7506573,4.0446963,0.32103682,3.017626,0.2426546,1.6672636,-0.81839836,0,0.34,0,0,4.0,70370.46280055254,7222.227768033153,1000.0,23925.957352187866,16703.729584154713,4175.932396038678,4.488021821025942,0.40740925601105094,23925.957352187866,16703.729584154713,4175.932396038678,0,0,DO NOT MAINTAIN,LOW / MODERATE RISK
601,0.1214541109225239,0.009237317,1891.5642491557564,1918.5057975010984,4099.640575079872,-297.71375,83.41414,-1.819576,19.373959,-7.2558155,4.7326803,0.2705631,7.674184,5.6120462,3.0398839,-3.2469163,-8.85287,-4.686214,0,0.335,0,0,4.0,66979.54656294224,7018.772793776534,1000.0,22438.14809858565,15419.375304809117,3854.843826202279,4.022749711635777,0.33959093125884476,22438.14809858565,15419.375304809117,3854.843826202279,0,0,DO NOT MAINTAIN,LOW / MODERATE RISK
581,0.0855755790734824,0.0094596725,1499.6634537895611,1773.0181872081748,3523.237819488818,-314.45273,100.45727,4.709762,39.96716,0.9652813,10.523111,-4.3395286,4.46932,4.760325,3.1903906,4.858399,-0.30193138,-2.589615,0,0.31,0,0,4.0,63344.00235514617,6800.64014130877,1000.0,19636.640730095314,12836.000588786545,3209.000147196636,3.5239118743630575,0.2668800471029234,19636.640730095314,12836.000588786545,3209.000147196636,0,0,DO NOT MAINTAIN,LOW / MODERATE RISK
616,0.1258814022563897,0.009274647,1689.3473835952875,1717.3475692597071,3603.709065495208,-275.97876,100.183754,-14.044903,20.044683,-7.8271623,10.733306,-7.1345005,-1.8088455,-4.346974,-0.26131436,-1.340306,0.28432843,0.043484356,0,0.305,0,0,4.0,61836.286850027114,6710.177211001626,1000.0,18860.06748925827,12149.890278256642,3037.4725695641605,3.3170362324211116,0.23672573700054234,18860.06748925827,12149.890278256642,3037.4725695641605,0,0,DO NOT MAINTAIN,LOW / MODERATE RISK
30,0.1674679887180511,0.010759439,1992.0695459890453,1787.882003230363,3952.151557507987,-249.61429,80.89638,-29.837004,0.505006,-10.405464,-2.5800958,-10.39082,-2.403973,-7.010553,0.9261192,-3.684174,-2.9088645,-6.198089,0,0.3,0,0,8.0,84147.7906240985,8048.8674374459115,1000.0,25244.33718722955,17195.46974978364,2149.433718722955,6.378427224474813,0.6829558124819701,25244.33718722955,17195.46974978364,2149.433718722955,0,0,DO NOT MAINTAIN,LOW / MODERATE RISK
140,0.0551336611421725,0.009714393,1182.1074960852077,1639.8194217589485,2627.021765175719,-342.6295,120.71017,7.9350195,24.292656,8.695467,15.803903,7.391469,6.403092,3.645454,4.2876353,-3.3201332,-0.2695967,0.9818379,0,0.295,0,1,6.0,72450.32601912212,7347.019561147328,1000.0,21372.846175641025,14025.826614493697,2337.637769082283,4.773402608735656,0.44900652038244254,21372.846175641025,14025.826614493697,2337.637769082283,0,0,DO NOT MAINTAIN,LOW / MODERATE RISK
131,0.0646309654552715,0.009596082,1103.0973572488133,1387.4266760377536,2286.217052715655,-330.42438,137.1787,-11.356113,28.225832,-3.043206,16.7378,0.06390885,7.674613,-2.130568,0.7717986,-5.656354,-1.511216,1.4981408,0,0.29,0,1,6.0,73585.89752931269,7415.1538517587605,1000.0,21339.910283500678,13924.756431741916,2320.792738623653,4.929215880101533,0.47171795058625365,21339.910283500678,13924.756431741916,2320.792738623653,0,0,DO NOT MAINTAIN,LOW / MODERATE RISK
678,0.1413940819688498,0.008775136,1735.0941463351733,1652.431053296041,3466.977835463259,-279.3223,96.15917,-21.60094,33.221146,-6.167646,8.173158,-5.5682507,-0.7204549,-8.423539,-1.6128078,-2.1073232,3.1521754,-0.7354333,1,0.29,0,1,4.0,69899.52569454844,7193.971541672906,1000.0,20270.86245141905,13076.890909746144,3269.222727436536,4.423403916793943,0.3979905138909687,20270.86245141905,13076.890909746144,3269.222727436536,0,0,DO NOT MAINTAIN,LOW / MODERATE RISK
158,0.0730924271166134,0.009798257,1227.1540507483714,1524.4601568916655,2570.98642172524,-316.0612,127.32526,-6.6259217,24.649714,3.8962955,12.224727,-0.48398763,-0.14613685,-1.3598613,1.7634991,-2.001418,-4.7677855,-1.6429179,1,0.29,0,1,4.0,62986.026471866244,6779.161588311975,1000.0,18265.94767684121,11486.786088529236,2871.696522132309,3.4747935291567953,0.2597205294373247,18265.94767684121,11486.786088529236,2871.696522132309,0,0,DO NOT MAINTAIN,LOW / MODERATE RISK
655,0.0885083865814696,0.010629057,1524.0930215866608,1804.718195623783,3402.68071086262,-296.77957,103.55213,-0.2012747,17.06725,8.173128,17.87781,5.708714,-0.19223793,-5.9346123,0.29147398,2.0652974,1.1016834,-6.3027806,1,0.29,0,1,2.0,59170.29230546228,6550.217538327736,1000.0,17159.38476858406,10609.167230256324,5304.583615128162,2.951231588940294,0.1834058461092456,17159.38476858406,10609.167230256324,5304.583615128162,0,0,DO NOT MAINTAIN,LOW / MODERATE RISK
694,0.1162811376797124,0.009427273,1632.4207537362067,1715.793399480708,3534.5696884984027,-282.71915,102.216255,-7.9128747,25.612492,-10.18957,8.193133,-4.2132535,2.3376043,0.51005065,-1.4891641,-4.450947,3.1284988,-2.8164082,1,0.265,0,1,2.0,59355.52133395495,6561.331280037297,1000.0,15729.213153498064,9167.881873460767,4583.940936730383,2.9766471093389373,0.18711042667909902,15729.213153498064,9167.881873460767,4583.940936730383,0,0,DO NOT MAINTAIN,LOW / MODERATE RISK
582,0.124179437899361,0.009047562,1866.530084530139,1908.1500358506476,4032.2484025559106,-298.05917,85.5353,-2.3764238,15.872139,-7.5358987,7.478949,0.019453762,3.7752178,4.3035293,-5.1582375,-3.4062538,-0.64650244,2.540068,0,0.265,0,1,4.0,63010.71095806376,6780.642657483826,1000.0,16697.838403886897,9917.195746403071,2479.298936600768,3.478180520210998,0.2602142191612753,16697.838403886897,9917.195746403071,2479.298936600768,0,0,DO NOT MAINTAIN,LOW / MODERATE RISK
63,0.1182483027156549,0.0098444,1802.8372758204705,1908.860120556449,3927.640774760383,-284.19458,92.77456,-6.4098883,5.523049,2.158172,8.092962,3.4262283,2.748857,-4.816869,-1.6142751,3.5142787,6.374597,2.3103335,0,0.26,0,1,2.0,58134.546231307395,6488.072773878443,1000.0,15114.982020139923,8626.90924626148,4313.45462313074,2.8091154979057826,0.1626909246261478,15114.982020139923,8626.90924626148,4313.45462313074,0,0,DO NOT MAINTAIN,LOW / MODERATE RISK
618,0.0770953973642172,0.009773018,1421.8666460573097,1709.1402477966164,3299.620607028754,-321.53464,103.83313,-0.060219992,37.354538,2.951635,17.41064,1.6688876,4.942692,1.7502211,5.4542637,0.6911233,-4.2760944,-5.384075,0,0.26,0,1,4.0,64724.21622213749,6883.452973328249,1000.0,16828.29621775575,9944.8432444275,2486.210811106875,3.713292847617993,0.2944843244427497,16828.29621775575,9944.8432444275,2486.210811106875,0,0,DO NOT MAINTAIN,LOW / MODERATE RISK
586,0.1832521091253993,0.004170954,2062.1965361891935,1893.480919394708,4073.5073881789135,-360.35947,76.96939,-12.721188,20.16735,-0.3685511,6.0115066,8.115592,1.4555216,-1.0857255,6.794711,-7.565626,3.3508627,-2.1399136,0,0.255,0,1,6.0,81342.5202838649,7880.551217031894,1000.0,20742.34267238555,12861.791455353654,2143.631909225609,5.993512364551884,0.6268504056772979,20742.34267238555,12861.791455353654,2143.631909225609,0,0,DO NOT MAINTAIN,LOW / MODERATE RISK
850,0.0700254592651757,0.010275451,1128.6023890699232,1408.3099578735523,2328.649161341853,-316.0601,136.43623,-9.176925,26.429844,-3.974735,13.374928,-4.119855,2.908123,-2.9966207,4.03266,-0.9302958,0.8645053,1.09705,0,0.255,0,1,4.0,69074.80274877508,7144.488164926505,1000.0,17614.074700937646,10469.586536011142,2617.3966340027855,4.310242588776929,0.3814960549755016,17614.074700937646,10469.586536011142,2617.3966340027855,0,0,DO NOT MAINTAIN,LOW / MODERATE RISK
549,0.0899794703474441,0.009816941,1480.318383464638,1686.352588921927,3343.2507987220447,-299.22495,106.08887,-6.2567215,33.971794,-0.6443455,14.560018,-1.6935673,1.7131268,-0.09795291,0.8731512,2.974945,-0.744026,-1.42511,0,0.25,0,1,2.0,55501.88127695645,6330.112876617387,1000.0,13875.470319239112,7545.357442621725,3772.6787213108623,2.4478840516546487,0.11003762553912896,13875.470319239112,7545.357442621725,3772.6787213108623,0,0,DO NOT MAINTAIN,LOW / MODERATE RISK
617,0.0988995731829073,0.009685389,1476.6126461189167,1658.9019258865978,3277.9053514376997,-289.99686,111.43648,-6.736922,25.64014,-7.017728,8.793553,-5.8311048,0.036670193,0.7558727,-0.3449246,-0.06898903,-1.0130581,-0.63775164,0,0.25,0,1,2.0,57398.70805372248,6443.922483223349,1000.0,14349.67701343062,7905.754530207271,3952.8772651036356,2.7081501666901637,0.14797416107444963,14349.67701343062,7905.754530207271,3952.8772651036356,0,0,DO NOT MAINTAIN,LOW / MODERATE RISK
188,0.173219723442492,0.009849113,2267.9152063234155,2058.8618488806937,4815.270567092652,-264.14343,67.45819,-5.216098,8.577357,-3.5961502,11.038267,5.2037983,4.107563,-3.5610592,-0.011988728,-6.840772,-2.9600904,3.1114366,0,0.24,0,1,6.0,72402.76468877374,7344.165881326424,1000.0,17376.663525305696,10032.497643979272,1672.082940663212,4.766876655587313,0.44805529377547476,17376.663525305696,10032.497643979272,1672.082940663212,0,0,DO NOT MAINTAIN,LOW / MODERATE RISK
778,0.0604236346845047,0.010961585,962.4954847630142,1238.866499552806,1849.3660143769969,-328.77347,153.69603,-12.698605,25.564869,-4.8568745,12.944008,-1.508997,3.6526215,-4.0551157,3.1566162,-2.8514526,2.6967673,3.2351582,0,0.225,0,0,6.0,79508.81993480773,7770.529196088464,1000.0,17889.48448533174,10118.955289243277,1686.4925482072128,5.7419079102948345,0.5901763986961547,17889.48448533174,10118.955289243277,1686.4925482072128,0,0,DO NOT MAINTAIN,LOW / MODERATE RISK
208,0.0771780775758785,0.009469969,1384.686015257692,1726.383896493167,3033.022164536741,-315.33533,111.68059,-0.94311327,16.602947,8.910871,20.239845,8.661385,2.1851919,-0.58399814,2.9351673,0.23318806,-2.0117555,-3.057256,0,0.225,0,0,4.0,64131.051208121804,6847.863072487307,1000.0,14429.486521827406,7581.623449340099,1895.4058623350247,3.631903890195082,0.282621024162436,14429.486521827406,7581.623449340099,1895.4058623350247,0,0,DO NOT MAINTAIN,LOW / MODERATE RISK
109,0.1097275609025559,0.0047569294,1596.0853303119231,1802.6958887487249,3230.2066693290735,-382.4792,107.8007,0.122666016,11.569457,-0.27438238,5.4459662,8.540415,10.023606,5.8805766,-2.5872283,-3.6045387,-3.656753,5.707315,0,0.225,0,0,8.0,81431.16058880318,7885.86963532819,1000.0,18322.011132480715,10436.141497152525,1304.5176871440656,6.005674818226849,0.6286232117760635,18322.011132480715,10436.141497152525,1304.5176871440656,0,0,DO NOT MAINTAIN,LOW / MODERATE RISK
843,0.0911338733027156,0.009625257,1297.9452425529737,1588.0311541506603,2288.188897763578,-327.5949,129.37085,-0.9642254,-8.356559,-5.4279304,-1.0599964,-1.0179538,-2.4829783,-7.367741,-2.4461951,3.8838124,4.756122,2.1780086,0,0.21,0,0,6.0,74243.98017690041,7454.638810614025,1000.0,15591.235837149086,8136.597026535062,1356.0995044225103,5.019512272032461,0.4848796035380083,15591.235837149086,8136.597026535062,1356.0995044225103,0,0,DO NOT MAINTAIN,LOW / MODERATE RISK
576,0.0828112519968051,0.0100173075,1328.0738277789496,1628.463751435169,2898.961661341853,-310.3027,117.171135,-1.7299918,27.649885,1.1807631,8.693574,4.5270414,1.8449637,-2.3731174,10.249445,-3.6086657,2.8661942,1.022698,0,0.205,0,0,4.0,65641.35715050518,6938.481429030311,1000.0,13456.478215853562,6517.996786823251,1629.4991967058127,3.839134969465986,0.31282714301010367,13456.478215853562,6517.996786823251,1629.4991967058127,0,0,DO NOT MAINTAIN,LOW / MODERATE RISK
206,0.1030647838458466,0.009671682,1494.3280114020904,1707.436056292289,3073.407547923323,-303.9714,111.29077,-8.263074,13.78234,4.2187285,6.481582,-0.15015452,1.9517043,2.8917992,3.7861156,0.49405113,-1.6926125,-3.2130363,0,0.195,0,0,2.0,53781.32311943237,6226.879387165943,1000.0,10487.358008289311,4260.478621123369,2130.2393105616843,2.2118039873933615,0.0756264623886474,10487.358008289311,4260.478621123369,2130.2393105616843,0,0,DO NOT MAINTAIN,LOW / MODERATE RISK
226,0.072429425419329,0.009955618,1214.9995201696893,1509.0981780103784,2533.5463258785944,-316.2966,126.779526,-9.084809,23.645071,2.971639,14.735003,2.5988579,2.4183738,0.606341,2.8771865,-2.9374533,-2.971543,1.112105,0,0.185,0,0,4.0,64724.40900901697,6883.464540541018,1000.0,11974.01566666814,5090.551126127121,1272.6377815317803,3.7133193001611398,0.2944881801803394,11974.01566666814,5090.551126127121,1272.6377815317803,0,0,DO NOT MAINTAIN,LOW / MODERATE RISK
262,0.0568449855231629,0.0101064285,1054.40294555772,1501.0416848704597,2050.569089456869,-346.97598,134.92929,5.432626,15.737427,6.009804,16.272425,9.738097,2.6184776,4.183141,4.7664933,-1.8006738,-3.3129961,-1.1357225,0,0.185,0,0,6.0,77355.4950212496,7641.329701274976,1000.0,14310.766578931176,6669.4368776562,1111.5728129427,5.4464473460906175,0.5471099004249922,14310.766578931176,6669.4368776562,1111.5728129427,0,0,DO NOT MAINTAIN,LOW / MODERATE RISK
209,0.0803012055710862,0.009313694,1292.617430818477,1598.829638541106,2661.7911341853037,-320.99164,120.826065,-8.007167,12.351408,6.636953,24.027628,8.838628,1.0964403,0.55617774,4.0188704,2.8720756,0.20022832,-4.5439863,0,0.18,0,0,4.0,70033.50943339294,7202.010566003577,1000.0,12606.031698010729,5404.021132007152,1351.005283001788,4.4417880031080585,0.40067018866785875,12606.031698010729,5404.021132007152,1351.005283001788,0,0,DO NOT MAINTAIN,LOW / MODERATE RISK
180,0.0788145217651757,0.00964561,1215.2356341893174,1547.068236548757,2428.090055910543,-323.3174,126.567894,-5.685519,12.136367,6.3508077,24.075201,8.224061,-1.0156274,-1.4281722,2.6994164,2.241185,0.092857346,-4.446414,0,0.175,0,0,6.0,71017.61287930155,7261.056772758093,1000.0,12428.08225387777,5167.025481119677,861.1709135199462,4.576818140702583,0.4203522575860309,12428.08225387777,5167.025481119677,861.1709135199462,0,0,DO NOT MAINTAIN,LOW / MODERATE RISK
530,0.1326954997004792,0.011705802,1977.672966508368,1966.0685924633951,4147.588857827476,-286.7953,76.272675,2.9377716,22.490145,-7.4294925,10.636747,3.5871513,-12.746246,-0.8342139,13.146573,5.9567933,1.9215049,-5.2046866,0,0.17,0,0,6.0,80184.81847465035,7811.089108479021,1000.0,13631.419140690561,5820.33003221154,970.0550053685901,5.834662565537779,0.603696369493007,13631.419140690561,5820.33003221154,970.0550053685901,0,0,DO NOT MAINTAIN,LOW / MODERATE RISK
588,0.1172389801317891,0.008704891,1739.862498067837,1913.536523757659,3708.266773162939,-309.43808,95.907326,0.94850546,7.814135,-1.5794221,1.8615863,8.844161,2.9206147,0.31321433,0.8827484,-8.065091,4.9299107,7.257431,0,0.145,0,0,4.0,67127.17397742247,7027.6304386453485,1000.0,9733.440226726258,2705.809788080909,676.4524470202273,4.043005864759582,0.3425434795484493,9733.440226726258,2705.809788080909,676.4524470202273,0,0,DO NOT MAINTAIN,LOW / MODERATE RISK
170,0.1335113817891373,0.009608041,1922.9873927033457,1991.2626839379689,4243.011182108627,-287.33054,86.46904,-2.2935083,3.158519,1.9257128,10.668735,4.9253,4.530461,2.5075603,0.9042254,-3.5620277,0.9856489,4.8222585,0,0.145,0,0,4.0,62958.43594583165,6777.506156749898,1000.0,9128.973212145587,2351.4670553956894,587.8667638489223,3.4710077965265063,0.2591687189166329,9128.973212145587,2351.4670553956894,587.8667638489223,0,0,DO NOT MAINTAIN,LOW / MODERATE RISK
90,0.1233261157148562,0.009755482,1797.9901232516977,1881.7541156220257,3847.8184904153354,-286.52557,93.848366,-6.746808,3.5898156,-2.8119318,4.5031233,1.5555272,0.43316817,-4.4645066,3.6707475,7.3225255,5.6623545,0.70645773,0,0.14,0,0,2.0,58755.408473983225,6525.324508438993,1000.0,8225.757186357652,1700.4326779186595,850.2163389593297,2.8943048287676003,0.17510816947966448,8225.757186357652,1700.4326779186595,850.2163389593297,0,0,DO NOT MAINTAIN,LOW / MODERATE RISK
185,0.1851568740015974,0.010091587,2148.710084344525,1924.6727345622403,4326.876996805112,-249.21693,73.3123,-15.976709,13.313098,-1.0661707,10.383393,-2.1003122,-1.3701835,1.8673375,2.6679478,-4.8388047,0.02415637,-1.5541189,0,0.13,0,0,4.0,70079.26228020168,7204.7557368121015,1000.0,9110.30409642622,1905.5483596141185,476.3870899035296,4.448065811833971,0.40158524560403364,9110.30409642622,1905.5483596141185,476.3870899035296,0,0,DO NOT MAINTAIN,LOW / MODERATE RISK
603,0.1373396315894568,0.008872348,1877.4426859275957,1908.7152107520849,4029.852236421725,-289.99826,86.502846,-5.3770723,13.489153,-5.2334957,6.754976,4.3952837,-4.48216,-7.2873607,2.425344,8.929629,4.810685,3.8143916,0,0.13,0,0,4.0,65258.133083733184,6915.487985023991,1000.0,8483.557300885313,1568.0693158613221,392.01732896533053,3.786552287552929,0.30516266167466377,8483.557300885313,1568.0693158613221,392.01732896533053,0,0,DO NOT MAINTAIN,LOW / MODERATE RISK
537,0.1340573831869009,0.008077356,1859.4535946544415,1864.724086770135,3908.296725239617,-300.26923,86.93924,-9.518386,15.3408575,-5.7402997,6.967171,0.656647,0.051195115,0.026545905,2.9394355,13.888588,8.129733,-1.3502392,0,0.13,0,0,4.0,64430.165616729515,6865.809937003771,1000.0,8375.921530174837,1510.1115931710665,377.5278982927666,3.672945774479425,0.28860331233459025,8375.921530174837,1510.1115931710665,377.5278982927666,0,0,DO NOT MAINTAIN,LOW / MODERATE RISK
612,0.1028682233426517,0.009903056,1501.2507961593546,1662.7987134535615,3250.424321086262,-291.22675,106.603325,-9.112476,31.049612,-3.2713327,13.394821,3.628063,0.7299639,-2.8733857,1.7737113,1.0803096,2.330235,-5.8921146,0,0.13,0,0,2.0,56367.62961911531,6382.057777146918,1000.0,7327.79185048499,945.7340733380724,472.8670366690362,2.5666745286618795,0.12735259238230623,7327.79185048499,945.7340733380724,472.8670366690362,0,0,DO NOT MAINTAIN,LOW / MODERATE RISK
633,0.0886363069089456,0.01033552,1620.3862422773582,1872.7495117923795,3630.491214057508,-291.30594,99.92885,2.6745975,18.126093,4.4636207,8.235616,0.48620015,1.8226681,0.72400683,0.32313293,-1.6066809,1.4406837,1.1556044,1,0.13,0,0,2.0,50000.0,6000.0,1000.0,6500.0,500.0,250.0,1.6929636325210256,0.0,6500.0,500.0,250.0,0,0,DO NOT MAINTAIN,LOW / MODERATE RISK
233,0.0809626472643769,0.009960199,1248.907393497596,1533.2033067143414,2602.0617012779553,-305.7236,126.92839,-6.385762,19.795572,-1.2945473,11.457913,-1.8613172,-0.17711778,0.44199568,4.3968487,-1.9333775,-2.4445717,-0.39368278,0,0.115,0,0,4.0,61482.07606362915,6688.92456381775,1000.0,7070.438747317353,381.51418349960295,95.37854587490074,3.268434501146183,0.22964152127258314,7070.438747317353,381.51418349960295,95.37854587490074,0,0,DO NOT MAINTAIN,LOW / MODERATE RISK
546,0.1332851812100638,0.0112367775,1787.1467260444786,1897.2753925256657,3887.679712460064,-282.40158,85.75353,-1.0062059,27.822634,7.8929906,16.076424,3.5653672,-3.1208365,-1.3569254,8.762065,2.2816455,-5.2716255,-4.6739125,0,0.11,0,0,4.0,66583.95221380633,6995.03713282838,1000.0,7324.234743518697,329.19761069031665,82.29940267257916,3.9684696868909,0.3316790442761266,7324.234743518697,329.19761069031665,82.29940267257916,0,0,DO NOT MAINTAIN,LOW / MODERATE RISK
543,0.1276083266773162,0.009261512,1852.8078924099689,1910.6726499855145,3981.005391373802,-289.49603,87.86453,-4.405406,11.477187,-5.248245,6.0688257,4.242359,-3.697628,-7.8902583,3.3085783,8.236964,6.2974734,2.1419609,0,0.105,0,0,4.0,64604.98250926676,6876.298950556005,1000.0,6783.52316347301,-92.77578708299552,-23.19394677074888,3.696932631909192,0.2920996501853353,6783.52316347301,-92.77578708299552,-23.19394677074888,0,0,DO NOT MAINTAIN,LOW / MODERATE RISK
193,0.0721923048123003,0.009506867,1223.5416210964136,1567.234903216193,2504.5676916932907,-325.10272,124.792534,-4.9900403,15.00897,6.3279095,22.372272,7.4659624,0.9166836,0.69865483,3.3381426,2.6284196,-1.9146373,-4.4679747,0,0.105,0,0,4.0,69268.0685198777,7156.084111192662,1000.0,7273.147194587159,117.06308339449697,29.265770848624243,4.336760841276498,0.38536137039755425,7273.147194587159,117.06308339449697,29.265770848624243,0,0,DO NOT MAINTAIN,LOW / MODERATE RISK
3,0.1123717676717252,0.009191938,1678.6455601968862,1825.4312946122232,3550.5191693290735,-298.68915,101.00687,-5.642412,3.9454653,-2.6092973,4.6151843,1.4658817,0.49924934,-3.9511456,1.4204181,7.5375214,7.2937145,1.8040358,1,0.1,0,0,2.0,58439.72470794805,6506.383482476883,1000.0,5843.972470794805,-662.4110116820775,-331.20550584103876,2.850989440998857,0.16879449415896094,5843.972470794805,-662.4110116820775,-331.20550584103876,0,0,DO NOT MAINTAIN,LOW / MODERATE RISK
532,0.1759887305311501,0.010430694,2182.5467852428947,2044.2830094458088,4599.44089456869,-256.63687,73.411865,-3.5105417,11.5915365,-2.0541685,11.733492,3.3217828,-3.652105,-3.3075814,5.028718,3.516421,-4.052793,-0.124365576,0,0.1,0,0,4.0,69778.66601806943,7186.719961084164,1000.0,6977.866601806943,-208.853359277221,-52.21333981930525,4.406820600464304,0.3955733203613884,6977.866601806943,-208.853359277221,-52.21333981930525,0,0,DO NOT MAINTAIN,LOW / MODERATE RISK
168,0.1628316568490415,0.010121156,2140.9389302670606,2032.374594210168,4572.234424920128,-263.30896,75.05108,-6.11632,4.7644167,-0.13901664,16.501652,7.2808056,1.075211,-1.6153744,3.1868918,2.1316845,5.645038,-0.7513836,0,0.095,0,0,4.0,69451.97730285047,7167.1186381710295,1000.0,6597.937843770795,-569.1807944002348,-142.2951986000587,4.361995209038239,0.3890395460570095,6597.937843770795,-569.1807944002348,-142.2951986000587,0,0,DO NOT MAINTAIN,LOW / MODERATE RISK
255,0.0996889352036741,0.009561519,1550.1281838369125,1813.6634796062656,3289.73642172524,-317.47125,108.55449,-0.25875646,-3.7108982,0.45944542,8.349705,3.6582203,4.138311,2.5493581,1.8572171,4.803299,5.1440125,5.2814627,0,0.095,0,0,4.0,63069.467069445906,6784.168024166754,1000.0,5991.599371597361,-792.5686525693927,-198.14216314234818,3.486242524096295,0.26138934138891806,5991.599371597361,-792.5686525693927,-198.14216314234818,0,0,DO NOT MAINTAIN,LOW / MODERATE RISK
31,0.1153997354233226,0.011181692,1768.4274740011288,1916.0849092520427,3866.563498402556,-270.42792,95.6176,-2.3072188,7.95098,1.499508,5.67161,1.0008248,-2.3196297,-4.684872,-1.939228,-2.3586628,-1.7374572,-1.0831007,0,0.095,0,0,2.0,56635.59560592734,6398.13573635564,1000.0,5380.381582563097,-1017.7541537925426,-508.8770768962713,2.6034424967249037,0.13271191211854663,5380.381582563097,-1017.7541537925426,-508.8770768962713,0,0,DO NOT MAINTAIN,LOW / MODERATE RISK
210,0.1077510358426517,0.008529316,1556.93284613669,1823.181835495218,3317.6168130990413,-317.67496,108.54456,0.075026296,-1.4042395,2.4638462,9.627534,5.1639414,4.184678,0.06315103,0.12224427,3.414184,4.4921355,5.7110176,0,0.085,0,0,4.0,62196.807474142355,6731.808448448542,1000.0,5286.728635302101,-1445.0798131464408,-361.2699532866102,3.3665037448887642,0.24393614948284703,5286.728635302101,-1445.0798131464408,-361.2699532866102,0,0,DO NOT MAINTAIN,LOW / MODERATE RISK
224,0.0869717826477635,0.00998612,1314.2798428799167,1564.4902323424783,2750.0748801916934,-300.829,122.34856,-8.760039,20.828396,-0.7863115,9.980415,-0.35403448,0.24299431,-1.8262709,5.0119057,-2.0123854,-1.4297687,1.8158171,0,0.085,0,0,2.0,59468.5667935234,6568.114007611403,1000.0,5054.82817744949,-1513.2858301619135,-756.6429150809568,2.992158226613677,0.189371335870468,5054.82817744949,-1513.2858301619135,-756.6429150809568,0,0,DO NOT MAINTAIN,LOW / MODERATE RISK
867,0.1083875174720447,0.0095602125,1665.2338706329035,1834.3245359252924,3636.1321884984022,-282.35135,99.159645,-3.0225163,17.110794,-0.72044015,8.847243,0.26284897,3.31919,0.8975476,4.5894585,0.08086637,2.7195537,3.059209,0,0.085,0,0,2.0,52179.81753882283,6130.789052329369,1000.0,4435.284490799941,-1695.5045615294284,-847.7522807647142,1.9920592849363499,0.04359635077645641,4435.284490799941,-1695.5045615294284,-847.7522807647142,0,0,DO NOT MAINTAIN,LOW / MODERATE RISK
231,0.1606304912140575,0.012421522,2158.495986467898,2059.0477284464196,4639.17731629393,-243.95969,70.27798,-0.50021535,17.990465,4.355752,20.630575,6.3472013,1.5973943,-1.5362465,-1.6854295,-7.685354,0.7822501,-3.0063825,0,0.07,0,0,6.0,74284.95091296498,7457.097054777899,1000.0,5199.946563907549,-2257.15049087035,-376.1917484783917,5.025133921007625,0.4856990182592996,5199.946563907549,-2257.15049087035,-376.1917484783917,0,0,DO NOT MAINTAIN,LOW / MODERATE RISK
254,0.1281293680111821,0.011081367,1910.2080250370968,1996.0568693079197,4234.200279552716,-262.7574,85.41644,2.883007,16.193075,3.6323109,15.085992,2.4911184,0.25588125,-0.21087563,1.6225038,-5.354408,-0.253649,-2.6110551,0,0.07,0,0,4.0,60023.45963802888,6601.407578281732,1000.0,4201.642174662022,-2399.76540361971,-599.9413509049275,3.0682958089535215,0.20046919276057745,4201.642174662022,-2399.76540361971,-599.9413509049275,0,0,DO NOT MAINTAIN,LOW / MODERATE RISK
623,0.1232855556110223,0.008734278,1693.3432907973745,1821.3920554230708,3462.734624600639,-302.45648,98.42574,-6.1173897,10.458581,-3.822365,6.0364013,9.534886,-3.5593536,-1.7467017,-1.1107267,3.825275,14.248484,-1.2954326,0,0.065,0,0,4.0,70141.72692212489,7208.503615327494,1000.0,4559.212249938118,-2649.2913653893766,-662.3228413473441,4.456636668108025,0.40283453844249784,4559.212249938118,-2649.2913653893766,-662.3228413473441,0,0,DO NOT MAINTAIN,LOW / MODERATE RISK
536,0.1251934404952076,0.008078224,1768.2456714589655,1856.6608136275904,3608.7759584664536,-308.1169,94.32047,-5.596043,9.90813,-7.284515,4.412676,8.430036,-1.8390303,-1.3497227,-4.3351097,-1.790412,13.278195,2.8348672,0,0.065,0,0,6.0,72354.9853305872,7341.299119835232,1000.0,4703.074046488167,-2638.2250733470646,-439.70417889117743,4.760320786550445,0.44709970661174386,4703.074046488167,-2638.2250733470646,-439.70417889117743,0,0,DO NOT MAINTAIN,LOW / MODERATE RISK
220,0.0851512579872204,0.010278301,1308.9205744776891,1617.992178860815,2684.0804712460063,-304.15372,121.100105,-4.682631,16.009521,6.004407,11.239594,1.9638942,-0.25130978,0.39631525,6.2099266,-1.1542479,-3.3259823,-0.7747504,0,0.06,0,0,4.0,60689.75900005674,6641.385540003404,1000.0,3641.3855400034045,-2999.999999999999,-749.9999999999998,3.1597196271586276,0.21379518000113482,3641.3855400034045,-2999.999999999999,-749.9999999999998,0,0,DO NOT MAINTAIN,LOW / MODERATE RISK
271,0.1469367761581469,0.0118587,2108.768283861762,2069.21057779363,4619.733426517572,-256.63083,73.10261,1.7745785,15.957033,3.4397502,18.465199,4.9462795,1.4997312,0.7988855,2.407342,-3.3200505,4.1269283,1.13774,0,0.06,0,0,4.0,69208.34323507728,7152.500594104637,1000.0,4152.500594104637,-3000.0,-750.0,4.328565855822476,0.3841668647015457,4152.500594104637,-3000.0,-750.0,0,0,DO NOT MAINTAIN,LOW / MODERATE RISK
236,0.1532469923123003,0.011733675,2129.339464802044,2072.3574299531515,4634.70946485623,-252.82268,71.47458,0.93613654,18.401863,5.571856,20.40361,7.609131,3.5248883,1.7772287,1.4085631,-6.181058,0.51849955,-2.7497296,0,0.06,0,0,6.0,72720.48714208239,7363.229228524943,1000.0,4363.229228524943,-3000.0,-500.0,4.810471774337787,0.4544097428416477,4363.229228524943,-3000.0,-500.0,0,0,DO NOT MAINTAIN,LOW / MODERATE RISK
53,0.116926979333067,0.012233556,1731.1887072247468,1852.8432617622288,3692.217452076677,-268.8974,97.89702,-5.008874,4.019426,-7.1206694,2.1721632,2.7777002,1.9310397,-1.9362587,-2.9635656,-5.8748913,-2.4111156,0.47705472,0,0.06,0,0,4.0,62686.8536056679,6761.211216340074,1000.0,3761.211216340074,-3000.0000000000005,-750.0000000000001,3.433743623828996,0.253737072113358,3761.211216340074,-3000.0000000000005,-750.0000000000001,0,0,DO NOT MAINTAIN,LOW / MODERATE RISK
270,0.1021849415934504,0.010361248,1660.8470667291742,1891.54127198203,3691.5435303514378,-284.1214,98.568474,2.0698931,16.6663,6.2025886,12.3509245,3.7446725,0.7316375,-0.68168074,2.7147393,-2.310286,-1.2951716,-0.8883153,0,0.055,0,0,2.0,52587.177256434356,6155.230635386061,1000.0,2892.2947491038894,-3262.935886282172,-1631.467943141086,2.047953651477021,0.05174354512868723,2892.2947491038894,-3262.935886282172,-1631.467943141086,0,0,DO NOT MAINTAIN,LOW / MODERATE RISK
592,0.1255038812899361,0.01175082,1579.941479055008,1734.7942547881746,3408.5962460063897,-280.02747,100.37677,-4.8685284,26.22987,0.51059407,15.467265,0.9303357,-5.009626,-2.1920555,7.857456,2.6219985,-5.4035892,-4.6286855,0,0.04,0,0,4.0,64046.74790689671,6842.804874413802,1000.0,2561.8699162758685,-4280.934958137934,-1070.2337395344834,3.6203365225454465,0.280934958137934,2561.8699162758685,-4280.934958137934,-1070.2337395344834,0,0,DO NOT MAINTAIN,LOW / MODERATE RISK
112,0.1233276757188498,0.01122728,1770.559952821391,1855.6107926367456,3735.0738817891374,-271.57672,96.083115,-8.128944,3.693701,-4.306217,2.0240061,1.1271237,1.48835,-2.4990776,-2.8025436,-4.371769,2.7566824,4.663041,0,0.035,0,0,4.0,61921.66484919484,6715.29989095169,1000.0,2167.25826972182,-4548.04162122987,-1137.0104053074674,3.3287510607992594,0.23843329698389687,2167.25826972182,-4548.04162122987,-1137.0104053074674,0,0,DO NOT MAINTAIN,LOW / MODERATE RISK
857,0.071260982428115,0.011076077,1131.1310218983165,1388.2460221067702,2280.0269568690096,-306.55597,138.19061,-11.308972,22.928322,-6.28908,12.781372,-3.0355697,3.4085743,-4.5823708,1.3449881,-3.120377,1.02407,2.194291,0,0.03,0,0,4.0,70357.82303617321,7221.469382170393,1000.0,2110.734691085196,-5110.7346910851975,-1277.6836727712994,4.486287502209766,0.40715646072346434,2110.734691085196,-5110.7346910851975,-1277.6836727712994,0,0,DO NOT MAINTAIN,LOW / MODERATE RISK
59,0.1244352785543131,0.0138713,1661.6044827094856,1693.981010937112,3406.1251996805113,-244.60985,101.81651,-14.421627,16.591936,-11.642237,0.0045043714,-5.5594277,-0.0847576,-4.28746,0.7936271,-0.7030296,3.5178118,0.34192017,0,0.02,0,0,4.0,70422.32949326109,7225.339769595665,1000.0,1408.4465898652218,-5816.893179730443,-1454.2232949326108,4.495138518647645,0.4084465898652217,1408.4465898652218,-5816.893179730443,-1454.2232949326108,0,0,DO NOT MAINTAIN,LOW / MODERATE RISK
98,0.1040429063498402,0.015855074,1447.2048070390465,1571.5513932565746,2979.2581869009587,-241.97899,118.48425,-12.441968,8.568217,-19.84001,1.157363,-4.361023,1.1139597,-2.598247,-0.2082763,-1.8242221,-0.735792,-3.3219686,0,0.02,0,0,6.0,80333.58570636834,7820.0151423821,1000.0,1606.6717141273668,-6213.343428254733,-1035.5572380424555,5.855075114494855,0.6066717141273668,1606.6717141273668,-6213.343428254733,-1035.5572380424555,0,0,DO NOT MAINTAIN,LOW / MODERATE RISK
179,0.1066387529952076,0.008944768,1582.1357593250898,1856.6536973052257,3436.227036741214,-312.91522,107.71815,1.097014,-3.9121633,1.7675214,9.44962,5.2517986,4.0632396,3.2244966,-0.35988507,-3.946021,-4.038702,2.9180014,0,0.02,0,0,4.0,64167.772040129465,6850.066322407768,1000.0,1283.3554408025893,-5566.710881605179,-1391.6777204012947,3.6369424042041474,0.2833554408025893,1283.3554408025893,-5566.710881605179,-1391.6777204012947,0,0,DO NOT MAINTAIN,LOW / MODERATE RISK
207,0.1516323881789137,0.012680853,2032.5165118635,1992.691614343288,4362.470047923322,-240.15059,79.4911,-2.4517412,15.388756,0.44123378,13.769048,2.298847,0.27639186,-1.8679767,0.018257555,-5.2635283,1.8645753,-1.4753507,0,0.02,0,0,4.0,65981.4682697265,6958.888096183589,1000.0,1319.62936539453,-5639.258730789059,-1409.8146826972647,3.885802066727778,0.3196293653945299,1319.62936539453,-5639.258730789059,-1409.8146826972647,0,0,DO NOT MAINTAIN,LOW / MODERATE RISK
260,0.1053143096046325,0.008721746,1580.726716521549,1834.2739198207544,3341.9029552715656,-318.5732,107.760956,-1.6921524,-4.27185,1.6356484,8.1196785,5.55895,3.2633572,0.85775775,0.46624482,3.706291,4.984835,3.4963036,0,0.015,0,0,4.0,62338.79155987141,6740.327493592285,1000.0,935.0818733980711,-5805.245620194213,-1451.3114050485533,3.385985569398103,0.24677583119742813,935.0818733980711,-5805.245620194213,-1451.3114050485533,0,0,DO NOT MAINTAIN,LOW / MODERATE RISK
847,0.1063142721645367,0.013829923,1631.9087030479511,1839.4674630890609,3488.8678115015973,-258.89508,106.05062,-1.9799283,2.410411,-1.895748,1.6521965,-3.7021415,-9.783057,-10.196833,-4.163349,1.6947088,1.7065562,0.596436,0,0.015,0,0,6.0,75475.92818858555,7528.555691315133,1000.0,1132.138922828783,-6396.41676848635,-1066.0694614143915,5.188549490852031,0.5095185637717111,1132.138922828783,-6396.41676848635,-1066.0694614143915,0,0,DO NOT MAINTAIN,LOW / MODERATE RISK
58,0.1011865390375399,0.014498426,1624.6302534537078,1825.6019442484144,3500.399361022364,-261.18753,103.93464,2.079226,7.7966084,-9.095836,-2.4402273,-1.4578768,-4.9481745,-9.678336,1.1192213,1.544825,1.0592155,3.419492,0,0.015,0,0,6.0,73304.58979526891,7398.275387716134,1000.0,1099.5688469290337,-6298.7065407871005,-1049.7844234645167,4.890617273225136,0.46609179590537825,1099.5688469290337,-6298.7065407871005,-1049.7844234645167,0,0,DO NOT MAINTAIN,LOW / MODERATE RISK
775,0.1032800643969648,0.014135749,1622.264552591687,1846.3255184051368,3489.1673322683705,-258.04037,106.92597,-0.6624831,1.1686196,-1.6988721,2.949115,-2.019617,-6.5673795,-6.850369,-5.272852,-4.1526947,-2.1138182,2.2966623,0,0.01,0,0,6.0,72938.57921938089,7376.314753162852,1000.0,729.3857921938089,-6646.928960969043,-1107.8214934948405,4.84039647720142,0.4587715843876176,729.3857921938089,-6646.928960969043,-1107.8214934948405,0,0,DO NOT MAINTAIN,LOW / MODERATE RISK
44,0.0918124750399361,0.01508638,1282.5838872931183,1463.136757598328,2548.497404153354,-257.63797,130.73198,-13.548842,10.229516,-14.785176,3.1679504,1.5025786,2.2223074,-3.4099667,2.169064,-1.3658597,1.4429815,-2.08545,0,0.005,0,0,6.0,76235.43530190663,7574.126118114397,1000.0,381.1771765095332,-7192.948941604864,-1198.8248236008105,5.292762468097605,0.5247087060381326,381.1771765095332,-7192.948941604864,-1198.8248236008105,0,0,DO NOT MAINTAIN,LOW / MODERATE RISK
864,0.0980212909345047,0.015003089,1588.8679142214655,1830.1812819912925,3415.51018370607,-256.26517,107.363266,1.0310973,3.236366,-3.2253454,0.6686126,-4.4718356,-6.4130454,-3.069631,-0.749982,-2.3922052,-5.1572585,-1.5937108,0,0.005,0,0,6.0,72231.1153127678,7333.866918766068,1000.0,361.155576563839,-6972.711342202229,-1162.118557033705,4.743324417297266,0.44462230625535604,361.155576563839,-6972.711342202229,-1162.118557033705,0,0,DO NOT MAINTAIN,LOW / MODERATE RISK
62,0.0896908696086262,0.01371997,1448.7944001663072,1690.748786195148,3078.973642172524,-268.44205,113.11302,-3.550894,17.875834,-1.8299717,6.1293983,1.014527,-0.5509381,-3.0220191,1.5044316,-0.45746416,2.323872,1.9696224,0,0.005,0,0,2.0,59475.93053232567,6568.55583193954,1000.0,297.37965266162837,-6271.1761792779125,-3135.5880896389563,2.9931686149705254,0.18951861064651337,297.37965266162837,-6271.1761792779125,-3135.5880896389563,0,0,DO NOT MAINTAIN,LOW / MODERATE RISK
101,0.0966438074081469,0.012769377,1534.8922581260526,1749.622811268167,3284.145367412141,-267.77246,107.96651,-3.0528057,17.524221,0.40709168,6.562776,-0.3071038,0.08681276,-4.1347985,-0.06603637,-2.2173257,1.3296738,0.7475543,0,0.0,0,0,2.0,55173.975881781,6310.4385529068595,1000.0,0.0,-6310.4385529068595,-3155.2192764534298,2.4028917179598435,0.10347951763562,0.0,-6310.4385529068595,-3155.2192764534298,0,0,DO NOT MAINTAIN,LOW / MODERATE RISK
64,0.100465817192492,0.012137398,1558.0535784058563,1764.6915992903075,3338.5583067092653,-268.4934,105.94994,-4.1746626,17.427843,1.9857852,8.413278,0.8906712,0.62581474,-3.3957531,0.17409155,-2.832211,0.26323056,0.9709934,0,0.0,0,0,2.0,52989.34543239444,6179.360725943667,1000.0,0.0,-6179.360725943667,-3089.6803629718333,2.103135679709723,0.059786908647888784,0.0,-6179.360725943667,-3089.6803629718333,0,0,DO NOT MAINTAIN,LOW / MODERATE RISK
860,0.0876753444488818,0.014295106,1469.9085956893086,1757.9445749095116,3168.6801118210865,-264.2413,112.982506,0.6745932,9.817386,2.0683126,10.530902,0.18248886,-6.6486287,-6.3056655,0.5338987,2.1809444,1.4006822,-0.32217428,0,0.0,0,0,4.0,66341.44758345977,6980.486855007586,1000.0,0.0,-6980.486855007586,-1745.1217137518966,3.93519530528077,0.32682895166919523,0.0,-6980.486855007586,-1745.1217137518966,0,0,DO NOT MAINTAIN,LOW / MODERATE RISK
799,0.0907828724041533,0.014579875,1483.5673553569568,1768.6132717349176,3174.6954872204474,-257.73328,112.56433,0.59273714,12.10457,3.0414112,6.5712056,-1.6170102,-6.764214,-3.866262,-0.8322622,-1.7332081,-1.9519823,-0.79303235,0,0.0,0,0,4.0,67065.02008488367,7023.90120509302,1000.0,0.0,-7023.90120509302,-1755.975301273255,4.034477646820258,0.3413004016976734,0.0,-7023.90120509302,-1755.975301273255,0,0,DO NOT MAINTAIN,LOW / MODERATE RISK
852,0.0888157073682108,0.014705828,1482.3144739814652,1769.1457070481188,3180.611022364217,-261.30353,112.85058,1.1312712,9.234184,1.8018682,7.7868876,-1.3069779,-7.3157606,-5.95582,0.0591144,0.5098601,-0.7099041,-0.8818178,0,0.0,0,0,4.0,68058.81035464071,7083.528621278443,1000.0,0.0,-7083.528621278443,-1770.8821553196108,4.170836926348535,0.3611762070928142,0.0,-7083.528621278443,-1770.8821553196108,0,0,DO NOT MAINTAIN,LOW / MODERATE RISK
11,0.0988761731230031,0.012365725,1527.6394827731715,1735.5266542823117,3226.862020766773,-268.9666,108.286804,-5.028172,17.659445,0.7772499,7.1864414,2.1696937,-0.3634652,-3.735516,0.36210194,-2.578869,0.7225679,0.21887483,0,0.0,0,0,2.0,54377.75194871477,6262.665116922886,1000.0,0.0,-6262.665116922886,-3131.332558461443,2.2936407772330574,0.08755503897429533,0.0,-6262.665116922886,-3131.332558461443,0,0,DO NOT MAINTAIN,LOW / MODERATE RISK
825,0.1028292232428115,0.0141022485,1619.885167990537,1835.7242050016353,3472.0946485623003,-260.34888,106.29491,-1.6115993,0.5497463,-3.720778,0.85508275,-3.1483357,-5.038383,-4.508927,-4.2630787,-5.703272,-4.1409903,0.78003854,0,0.0,0,0,6.0,71834.80105347717,7310.08806320863,1000.0,0.0,-7310.08806320863,-1218.3480105347717,4.688945612726293,0.4366960210695435,0.0,-7310.08806320863,-1218.3480105347717,0,0,DO NOT MAINTAIN,LOW / MODERATE RISK
68,0.0842074555710862,0.015891448,1293.140474986513,1541.040469514477,2651.507587859425,-267.7617,126.255516,-5.194243,12.784271,-9.73837,5.042802,2.3042846,-2.5191386,-4.800505,2.1510777,1.6677207,2.9240873,-0.85062057,0,0.0,0,0,6.0,73421.8635191561,7405.311811149367,1000.0,0.0,-7405.311811149367,-1234.2186351915611,4.906708556248832,0.46843727038312216,0.0,-7405.311811149367,-1234.2186351915611,0,0,DO NOT MAINTAIN,LOW / MODERATE RISK
81,0.0867549420926517,0.016228775,1325.5906805602233,1559.0141717546908,2744.0095846645368,-261.8303,122.95819,-6.0942535,16.832798,-8.527148,2.9432433,-1.901134,-1.966721,-5.5110173,0.6004574,-1.9767759,1.0632355,-0.40242198,0,0.0,0,0,6.0,73858.3399285635,7431.50039571381,1000.0,0.0,-7431.50039571381,-1238.5833992856349,4.966598062645822,0.47716679857126987,0.0,-7431.50039571381,-1238.5833992856349,0,0,DO NOT MAINTAIN,LOW / MODERATE RISK
60,0.0998511756190095,0.0137601495,1500.2738624943272,1640.6217481326153,3005.840654952077,-273.19537,112.91206,-11.060712,2.2099383,-16.24646,-5.704887,-3.7186255,-6.9306073,-7.74789,-0.9767106,1.5736078,2.8657002,-1.3041904,0,0.0,0,0,6.0,78999.0616642894,7739.943699857365,1000.0,0.0,-7739.943699857365,-1289.990616642894,5.671963302647938,0.5799812332857881,0.0,-7739.943699857365,-1289.990616642894,0,0,DO NOT MAINTAIN,LOW / MODERATE RISK
